index,id,drive_time,replication,scenario
22113,Truck23041,659,1,8
22114,Truck23040,665,1,8
22115,Truck23047,632,1,8
22116,Truck23043,655,1,8
22117,Truck23045,660,1,8
22118,Truck23048,647,1,8
22119,Truck23046,669,1,8
22120,Truck23059,609,1,8
22121,Truck23042,698,1,8
22122,Truck23053,658,1,8
22123,Truck23052,664,1,8
22124,Truck23044,721,1,8
22125,Truck23051,687,1,8
22126,Truck23049,701,1,8
22127,Truck23054,690,1,8
22128,Truck23050,711,1,8
22129,Truck23063,652,1,8
22130,Truck23060,669,1,8
22131,Truck23064,659,1,8
22132,Truck23056,700,1,8
22133,Truck23057,695,1,8
22134,Truck23058,691,1,8
22135,Truck23055,708,1,8
22136,Truck23066,655,1,8
22137,Truck23065,666,1,8
22138,Truck23061,694,1,8
22139,Truck23062,691,1,8
22140,Truck23068,670,1,8
22141,Truck23067,678,1,8
22142,Truck23069,669,1,8
22143,Truck23073,666,1,8
22144,Truck23070,683,1,8
22145,Truck23075,661,1,8
22146,Truck23071,684,1,8
22147,Truck23072,686,1,8
22148,Truck23074,690,1,8
22149,Truck23076,681,1,8
22150,Truck23079,670,1,8
22151,Truck23078,682,1,8
22152,Truck23081,671,1,8
22153,Truck23080,678,1,8
22154,Truck23085,659,1,8
22155,Truck23082,683,1,8
22156,Truck23091,651,1,8
22157,Truck23087,672,1,8
22158,Truck23088,672,1,8
22159,Truck23077,730,1,8
22160,Truck23086,685,1,8
22161,Truck23092,655,1,8
22162,Truck23083,701,1,8
22163,Truck23084,708,1,8
22164,Truck23099,646,1,8
22165,Truck23089,704,1,8
22166,Truck23097,666,1,8
22167,Truck23090,702,1,8
22168,Truck23095,679,1,8
22169,Truck23098,670,1,8
22170,Truck23093,696,1,8
22171,Truck23102,674,1,8
22172,Truck23108,644,1,8
22173,Truck23111,630,1,8
22174,Truck23100,690,1,8
22175,Truck23096,715,1,8
22176,Truck23113,633,1,8
22177,Truck23106,671,1,8
22178,Truck23094,733,1,8
22179,Truck23107,670,1,8
22180,Truck23115,630,1,8
22181,Truck23105,688,1,8
22182,Truck23103,707,1,8
22183,Truck23116,649,1,8
22184,Truck23101,726,1,8
22185,Truck23110,686,1,8
22186,Truck23104,723,1,8
22187,Truck23124,626,1,8
22188,Truck23122,645,1,8
22189,Truck23109,714,1,8
22190,Truck23128,623,1,8
22191,Truck23118,676,1,8
22192,Truck23120,668,1,8
22193,Truck23119,675,1,8
22194,Truck23112,711,1,8
22195,Truck23121,680,1,8
22196,Truck23123,671,1,8
22197,Truck23114,724,1,8
22198,Truck23117,716,1,8
22199,Truck23126,677,1,8
22200,Truck23130,657,1,8
22201,Truck23132,655,1,8
22202,Truck23136,649,1,8
22203,Truck23143,624,1,8
22204,Truck23131,688,1,8
22205,Truck23138,657,1,8
22206,Truck23137,669,1,8
22207,Truck23139,659,1,8
22208,Truck23133,698,1,8
22209,Truck23129,722,1,8
22210,Truck23127,736,1,8
22211,Truck23134,711,1,8
22212,Truck23135,708,1,8
22213,Truck23141,683,1,8
22214,Truck23146,667,1,8
22215,Truck23142,694,1,8
22216,Truck23125,783,1,8
22217,Truck23150,663,1,8
22218,Truck23140,717,1,8
22219,Truck23145,694,1,8
22220,Truck23144,702,1,8
22221,Truck23154,652,1,8
22222,Truck23161,632,1,8
22223,Truck23147,704,1,8
22224,Truck23159,655,1,8
22225,Truck23152,694,1,8
22226,Truck23153,690,1,8
22227,Truck23151,701,1,8
22228,Truck23149,716,1,8
22229,Truck23167,631,1,8
22230,Truck23158,678,1,8
22231,Truck23160,670,1,8
22232,Truck23168,641,1,8
22233,Truck23164,665,1,8
22234,Truck23155,712,1,8
22235,Truck23148,758,1,8
22236,Truck23157,715,1,8
22237,Truck23163,690,1,8
22238,Truck23169,667,1,8
22239,Truck23156,735,1,8
22240,Truck23162,711,1,8
22241,Truck23178,639,1,8
22242,Truck23166,700,1,8
22243,Truck23171,678,1,8
22244,Truck23172,688,1,8
22245,Truck23165,726,1,8
22246,Truck23176,672,1,8
22247,Truck23170,713,1,8
22248,Truck23179,675,1,8
22249,Truck23184,651,1,8
22250,Truck23177,689,1,8
22251,Truck23175,702,1,8
22252,Truck23174,713,1,8
22253,Truck23181,681,1,8
22254,Truck23188,648,1,8
22255,Truck23180,689,1,8
22256,Truck23173,729,1,8
22257,Truck23197,619,1,8
22258,Truck23183,697,1,8
22259,Truck23187,678,1,8
22260,Truck23196,634,1,8
22261,Truck23186,691,1,8
22262,Truck23190,684,1,8
22263,Truck23189,690,1,8
22264,Truck23182,726,1,8
22265,Truck23203,625,1,8
22266,Truck23185,716,1,8
22267,Truck23191,686,1,8
22268,Truck23202,641,1,8
22269,Truck23206,630,1,8
22270,Truck23195,686,1,8
22271,Truck23199,666,1,8
22272,Truck23200,661,1,8
22273,Truck23201,657,1,8
22274,Truck23210,613,1,8
22275,Truck23192,704,1,8
22276,Truck23198,676,1,8
22277,Truck23194,698,1,8
22278,Truck23193,712,1,8
22279,Truck23208,654,1,8
22280,Truck23211,645,1,8
22281,Truck23204,686,1,8
22282,Truck23205,698,1,8
22283,Truck23207,694,1,8
22284,Truck23209,689,1,8
22285,Truck23212,676,1,8
22286,Truck23216,688,1,8
22287,Truck23217,684,1,8
22288,Truck23213,706,1,8
22289,Truck23223,656,1,8
22290,Truck23214,708,1,8
22291,Truck23215,705,1,8
22292,Truck23221,675,1,8
22293,Truck23227,652,1,8
22294,Truck23218,698,1,8
22295,Truck23226,664,1,8
22296,Truck23219,701,1,8
22297,Truck23224,677,1,8
22298,Truck23225,672,1,8
22299,Truck23220,703,1,8
22300,Truck23230,660,1,8
22301,Truck23232,651,1,8
22302,Truck23233,659,1,8
22303,Truck23243,611,1,8
22304,Truck23222,718,1,8
22305,Truck23237,644,1,8
22306,Truck23235,663,1,8
22307,Truck23245,616,1,8
22308,Truck23234,673,1,8
22309,Truck23240,643,1,8
22310,Truck23231,693,1,8
22311,Truck23239,665,1,8
22312,Truck23238,680,1,8
22313,Truck23248,631,1,8
22314,Truck23229,736,1,8
22315,Truck23236,707,1,8
22316,Truck23228,757,1,8
22317,Truck23242,688,1,8
22318,Truck23251,643,1,8
22319,Truck23252,655,1,8
22320,Truck23255,643,1,8
22321,Truck23244,701,1,8
22322,Truck23241,718,1,8
22323,Truck23261,626,1,8
22324,Truck23247,698,1,8
22325,Truck23253,671,1,8
22326,Truck23249,693,1,8
22327,Truck23262,631,1,8
22328,Truck23250,694,1,8
22329,Truck23258,654,1,8
22330,Truck23254,677,1,8
22331,Truck23260,657,1,8
22332,Truck23257,680,1,8
22333,Truck23264,647,1,8
22334,Truck23268,637,1,8
22335,Truck23246,748,1,8
22336,Truck23267,645,1,8
22337,Truck23265,656,1,8
22338,Truck23256,705,1,8
22339,Truck23259,704,1,8
22340,Truck23266,678,1,8
22341,Truck23270,660,1,8
22342,Truck23263,702,1,8
22343,Truck23271,675,1,8
22344,Truck23275,660,1,8
22345,Truck23273,688,1,8
22346,Truck23276,673,1,8
22347,Truck23284,640,1,8
22348,Truck23272,704,1,8
22349,Truck23269,724,1,8
22350,Truck23281,666,1,8
22351,Truck23278,690,1,8
22352,Truck23285,658,1,8
22353,Truck23277,703,1,8
22354,Truck23280,689,1,8
22355,Truck23279,703,1,8
22356,Truck23295,623,1,8
22357,Truck23274,730,1,8
22358,Truck23283,686,1,8
22359,Truck23286,688,1,8
22360,Truck23282,712,1,8
22361,Truck23289,677,1,8
22362,Truck23302,620,1,8
22363,Truck23287,709,1,8
22364,Truck23292,686,1,8
22365,Truck23288,709,1,8
22366,Truck23300,657,1,8
22367,Truck23294,689,1,8
22368,Truck23313,595,1,8
22369,Truck23297,676,1,8
22370,Truck23290,712,1,8
22371,Truck23309,620,1,8
22372,Truck23293,705,1,8
22373,Truck23298,682,1,8
22374,Truck23304,659,1,8
22375,Truck23307,651,1,8
22376,Truck23308,646,1,8
22377,Truck23291,735,1,8
22378,Truck23296,722,1,8
22379,Truck23301,697,1,8
22380,Truck23305,687,1,8
22381,Truck23312,655,1,8
22382,Truck23303,701,1,8
22383,Truck23306,702,1,8
22384,Truck23299,738,1,8
22385,Truck23310,683,1,8
22386,Truck23323,631,1,8
22387,Truck23317,666,1,8
22388,Truck23316,674,1,8
22389,Truck23315,682,1,8
22390,Truck23311,715,1,8
22391,Truck23318,680,1,8
22392,Truck23314,709,1,8
22393,Truck23328,640,1,8
22394,Truck23327,646,1,8
22395,Truck23324,664,1,8
22396,Truck23322,686,1,8
22397,Truck23325,676,1,8
22398,Truck23319,709,1,8
22399,Truck23332,657,1,8
22400,Truck23321,715,1,8
22401,Truck23333,661,1,8
22402,Truck23329,682,1,8
22403,Truck23326,699,1,8
22404,Truck23344,612,1,8
22405,Truck23331,686,1,8
22406,Truck23336,664,1,8
22407,Truck23338,656,1,8
22408,Truck23320,747,1,8
22409,Truck23330,697,1,8
22410,Truck23341,645,1,8
22411,Truck23334,682,1,8
22412,Truck23347,630,1,8
22413,Truck23342,658,1,8
22414,Truck23337,686,1,8
22415,Truck23339,684,1,8
22416,Truck23335,710,1,8
22417,Truck23355,629,1,8
22418,Truck23343,691,1,8
22419,Truck23348,668,1,8
22420,Truck23358,620,1,8
22421,Truck23346,681,1,8
22422,Truck23350,666,1,8
22423,Truck23349,677,1,8
22424,Truck23352,666,1,8
22425,Truck23359,641,1,8
22426,Truck23345,713,1,8
22427,Truck23340,742,1,8
22428,Truck23361,638,1,8
22429,Truck23356,664,1,8
22430,Truck23351,691,1,8
22431,Truck23353,689,1,8
22432,Truck23357,687,1,8
22433,Truck23366,643,1,8
22434,Truck23354,711,1,8
22435,Truck23362,673,1,8
22436,Truck23360,685,1,8
22437,Truck23371,635,1,8
22438,Truck23365,672,1,8
22439,Truck23364,678,1,8
22440,Truck23368,662,1,8
22441,Truck23374,637,1,8
22442,Truck23363,698,1,8
22443,Truck23370,664,1,8
22444,Truck23377,650,1,8
22445,Truck23369,696,1,8
22446,Truck23367,710,1,8
22447,Truck23379,651,1,8
22448,Truck23378,669,1,8
22449,Truck23380,660,1,8
22450,Truck23372,704,1,8
22451,Truck23373,702,1,8
22452,Truck23383,653,1,8
22453,Truck23375,696,1,8
22454,Truck23376,701,1,8
22455,Truck23382,676,1,8
22456,Truck23391,648,1,8
22457,Truck23389,665,1,8
22458,Truck23381,711,1,8
22459,Truck23394,647,1,8
22460,Truck23386,694,1,8
22461,Truck23384,708,1,8
22462,Truck23392,672,1,8
22463,Truck23396,652,1,8
22464,Truck23399,642,1,8
22465,Truck23388,699,1,8
22466,Truck23401,638,1,8
22467,Truck23390,696,1,8
22468,Truck23405,632,1,8
22469,Truck23387,725,1,8
22470,Truck23402,654,1,8
22471,Truck23385,751,1,8
22472,Truck23404,662,1,8
22473,Truck23398,694,1,8
22474,Truck23393,720,1,8
22475,Truck23403,670,1,8
22476,Truck23400,686,1,8
22477,Truck23397,708,1,8
22478,Truck23409,652,1,8
22479,Truck23395,724,1,8
22480,Truck23407,669,1,8
22481,Truck23410,655,1,8
22482,Truck23416,637,1,8
22483,Truck23411,674,1,8
22484,Truck23420,638,1,8
22485,Truck23418,655,1,8
22486,Truck23412,690,1,8
22487,Truck23406,727,1,8
22488,Truck23424,637,1,8
22489,Truck23413,700,1,8
22490,Truck23419,678,1,8
22491,Truck23408,736,1,8
22492,Truck23415,701,1,8
22493,Truck23414,714,1,8
22494,Truck23421,694,1,8
22495,Truck23436,625,1,8
22496,Truck23430,661,1,8
22497,Truck23422,704,1,8
22498,Truck23417,730,1,8
22499,Truck23433,650,1,8
22500,Truck23432,659,1,8
22501,Truck23425,695,1,8
22502,Truck23427,690,1,8
22503,Truck23437,641,1,8
22504,Truck23423,717,1,8
22505,Truck23429,687,1,8
22506,Truck23431,678,1,8
22507,Truck23441,632,1,8
22508,Truck23428,699,1,8
22509,Truck23438,650,1,8
22510,Truck23426,716,1,8
22511,Truck23445,632,1,8
22512,Truck23443,648,1,8
22513,Truck23449,633,1,8
22514,Truck23435,704,1,8
22515,Truck23440,682,1,8
22516,Truck23444,665,1,8
22517,Truck23450,636,1,8
22518,Truck23434,726,1,8
22519,Truck23447,666,1,8
22520,Truck23439,708,1,8
22521,Truck23452,643,1,8
22522,Truck23451,660,1,8
22523,Truck23456,636,1,8
22524,Truck23457,653,1,8
22525,Truck23458,650,1,8
22526,Truck23442,733,1,8
22527,Truck23454,674,1,8
22528,Truck23453,684,1,8
22529,Truck23446,720,1,8
22530,Truck23448,713,1,8
22531,Truck23459,668,1,8
22532,Truck23461,659,1,8
22533,Truck23463,655,1,8
22534,Truck23460,681,1,8
22535,Truck23465,657,1,8
22536,Truck23469,650,1,8
22537,Truck23455,722,1,8
22538,Truck23464,695,1,8
22539,Truck23466,686,1,8
22540,Truck23480,620,1,8
22541,Truck23472,663,1,8
22542,Truck23474,656,1,8
22543,Truck23462,723,1,8
22544,Truck23470,695,1,8
22545,Truck23467,713,1,8
22546,Truck23475,676,1,8
22547,Truck23486,625,1,8
22548,Truck23473,693,1,8
22549,Truck23468,726,1,8
22550,Truck23489,631,1,8
22551,Truck23482,667,1,8
22552,Truck23476,699,1,8
22553,Truck23471,726,1,8
22554,Truck23477,699,1,8
22555,Truck23485,661,1,8
22556,Truck23478,697,1,8
22557,Truck23484,671,1,8
22558,Truck23487,665,1,8
22559,Truck23494,632,1,8
22560,Truck23481,704,1,8
22561,Truck23479,723,1,8
22562,Truck23483,707,1,8
22563,Truck23492,669,1,8
22564,Truck23503,629,1,8
22565,Truck23498,659,1,8
22566,Truck23508,609,1,8
22567,Truck23493,688,1,8
22568,Truck23504,644,1,8
22569,Truck23496,686,1,8
22570,Truck23490,717,1,8
22571,Truck23500,667,1,8
22572,Truck23488,730,1,8
22573,Truck23499,679,1,8
22574,Truck23509,629,1,8
22575,Truck23497,691,1,8
22576,Truck23491,731,1,8
22577,Truck23495,713,1,8
22578,Truck23505,669,1,8
22579,Truck23511,639,1,8
22580,Truck23502,691,1,8
22581,Truck23501,711,1,8
22582,Truck23507,686,1,8
22583,Truck23516,648,1,8
22584,Truck23512,672,1,8
22585,Truck23513,667,1,8
22586,Truck23510,684,1,8
22587,Truck23506,714,1,8
22588,Truck23523,630,1,8
22589,Truck23514,678,1,8
22590,Truck23525,626,1,8
22591,Truck23515,680,1,8
22592,Truck23520,658,1,8
22593,Truck23524,647,1,8
22594,Truck23530,624,1,8
22595,Truck23522,668,1,8
22596,Truck23527,648,1,8
22597,Truck23518,705,1,8
22598,Truck23519,701,1,8
22599,Truck23528,659,1,8
22600,Truck23517,716,1,8
22601,Truck23533,643,1,8
22602,Truck23531,655,1,8
22603,Truck23529,671,1,8
22604,Truck23534,648,1,8
22605,Truck23535,643,1,8
22606,Truck23521,722,1,8
22607,Truck23526,712,1,8
22608,Truck23532,684,1,8
22609,Truck23537,668,1,8
22610,Truck23540,655,1,8
22611,Truck23542,649,1,8
22612,Truck23543,646,1,8
22613,Truck23547,632,1,8
22614,Truck23539,678,1,8
22615,Truck23536,695,1,8
22616,Truck23538,696,1,8
22617,Truck23549,644,1,8
22618,Truck23558,603,1,8
22619,Truck23544,678,1,8
22620,Truck23552,639,1,8
22621,Truck23545,675,1,8
22622,Truck23553,636,1,8
22623,Truck23554,636,1,8
22624,Truck23550,657,1,8
22625,Truck23548,682,1,8
22626,Truck23541,722,1,8
22627,Truck23555,658,1,8
22628,Truck23546,706,1,8
22629,Truck23556,674,1,8
22630,Truck23551,711,1,8
22631,Truck23566,649,1,8
22632,Truck23564,662,1,8
22633,Truck23565,658,1,8
22634,Truck23557,699,1,8
22635,Truck23563,671,1,8
22636,Truck23562,682,1,8
22637,Truck23559,711,1,8
22638,Truck23576,631,1,8
22639,Truck23561,709,1,8
22640,Truck23560,717,1,8
22641,Truck23567,684,1,8
22642,Truck23570,669,1,8
22643,Truck23578,629,1,8
22644,Truck23572,660,1,8
22645,Truck23568,685,1,8
22646,Truck23580,632,1,8
22647,Truck23569,688,1,8
22648,Truck23579,639,1,8
22649,Truck23571,688,1,8
22650,Truck23573,685,1,8
22651,Truck23574,681,1,8
22652,Truck23575,686,1,8
22653,Truck23577,691,1,8
22654,Truck23581,678,1,8
22655,Truck23582,675,1,8
22656,Truck23587,654,1,8
22657,Truck23591,641,1,8
22658,Truck23590,653,1,8
22659,Truck23586,676,1,8
22660,Truck23584,690,1,8
22661,Truck23583,702,1,8
22662,Truck23595,653,1,8
22663,Truck23589,686,1,8
22664,Truck23594,661,1,8
22665,Truck23600,631,1,8
22666,Truck23588,695,1,8
22667,Truck23585,711,1,8
22668,Truck23597,658,1,8
22669,Truck23603,629,1,8
22670,Truck23592,685,1,8
22671,Truck23596,669,1,8
22672,Truck23608,628,1,8
22673,Truck23602,662,1,8
22674,Truck23607,655,1,8
22675,Truck23599,696,1,8
22676,Truck23598,703,1,8
22677,Truck23604,676,1,8
22678,Truck23601,699,1,8
22679,Truck23609,669,1,8
22680,Truck23610,666,1,8
22681,Truck23620,616,1,8
22682,Truck23611,662,1,8
22683,Truck23593,753,1,8
22684,Truck23605,699,1,8
22685,Truck23612,678,1,8
22686,Truck23618,654,1,8
22687,Truck23613,682,1,8
22688,Truck23617,666,1,8
22689,Truck23606,726,1,8
22690,Truck23616,681,1,8
22691,Truck23624,646,1,8
22692,Truck23622,669,1,8
22693,Truck23619,685,1,8
22694,Truck23627,645,1,8
22695,Truck23615,711,1,8
22696,Truck23623,672,1,8
22697,Truck23631,635,1,8
22698,Truck23614,728,1,8
22699,Truck23630,651,1,8
22700,Truck23625,678,1,8
22701,Truck23621,710,1,8
22702,Truck23632,655,1,8
22703,Truck23636,637,1,8
22704,Truck23635,647,1,8
22705,Truck23628,686,1,8
22706,Truck23639,641,1,8
22707,Truck23638,647,1,8
22708,Truck23629,693,1,8
22709,Truck23626,727,1,8
22710,Truck23644,637,1,8
22711,Truck23640,660,1,8
22712,Truck23633,698,1,8
22713,Truck23637,692,1,8
22714,Truck23634,714,1,8
22715,Truck23646,656,1,8
22716,Truck23645,669,1,8
22717,Truck23642,688,1,8
22718,Truck23641,701,1,8
22719,Truck23643,692,1,8
22720,Truck23647,676,1,8
22721,Truck23651,663,1,8
22722,Truck23653,657,1,8
22723,Truck23650,686,1,8
22724,Truck23658,647,1,8
22725,Truck23652,689,1,8
22726,Truck23660,652,1,8
22727,Truck23655,678,1,8
22728,Truck23649,709,1,8
22729,Truck23659,663,1,8
22730,Truck23648,719,1,8
22731,Truck23657,678,1,8
22732,Truck23656,694,1,8
22733,Truck23665,649,1,8
22734,Truck23654,709,1,8
22735,Truck23661,674,1,8
22736,Truck23669,654,1,8
22737,Truck23668,660,1,8
22738,Truck23663,688,1,8
22739,Truck23666,684,1,8
22740,Truck23662,705,1,8
22741,Truck23675,641,1,8
22742,Truck23671,671,1,8
22743,Truck23672,666,1,8
22744,Truck23667,697,1,8
22745,Truck23679,640,1,8
22746,Truck23677,652,1,8
22747,Truck23680,642,1,8
22748,Truck23664,723,1,8
22749,Truck23673,678,1,8
22750,Truck23670,698,1,8
22751,Truck23676,675,1,8
22752,Truck23681,663,1,8
22753,Truck23693,611,1,8
22754,Truck23687,650,1,8
22755,Truck23684,666,1,8
22756,Truck23685,666,1,8
22757,Truck23678,704,1,8
22758,Truck23689,651,1,8
22759,Truck23683,682,1,8
22760,Truck23691,647,1,8
22761,Truck23674,749,1,8
22762,Truck23682,710,1,8
22763,Truck23686,693,1,8
22764,Truck23688,688,1,8
22765,Truck23697,654,1,8
22766,Truck23699,645,1,8
22767,Truck23700,648,1,8
22768,Truck23702,640,1,8
22769,Truck23696,675,1,8
22770,Truck23705,636,1,8
22771,Truck23695,694,1,8
22772,Truck23701,665,1,8
22773,Truck23694,703,1,8
22774,Truck23703,668,1,8
22775,Truck23706,653,1,8
22776,Truck23692,728,1,8
22777,Truck23698,704,1,8
22778,Truck23690,747,1,8
22779,Truck23711,654,1,8
22780,Truck23718,631,1,8
22781,Truck23708,683,1,8
22782,Truck23713,658,1,8
22783,Truck23704,706,1,8
22784,Truck23712,668,1,8
22785,Truck23710,682,1,8
22786,Truck23709,699,1,8
22787,Truck23719,652,1,8
22788,Truck23715,673,1,8
22789,Truck23716,673,1,8
22790,Truck23730,609,1,8
22791,Truck23707,731,1,8
22792,Truck23724,646,1,8
22793,Truck23728,633,1,8
22794,Truck23714,708,1,8
22795,Truck23717,697,1,8
22796,Truck23731,633,1,8
22797,Truck23723,679,1,8
22798,Truck23722,685,1,8
22799,Truck23720,696,1,8
22800,Truck23721,694,1,8
22801,Truck23740,618,1,8
22802,Truck23727,684,1,8
22803,Truck23729,676,1,8
22804,Truck23742,616,1,8
22805,Truck23733,671,1,8
22806,Truck23734,678,1,8
22807,Truck23725,725,1,8
22808,Truck23736,674,1,8
22809,Truck23726,726,1,8
22810,Truck23738,677,1,8
22811,Truck23744,647,1,8
22812,Truck23737,683,1,8
22813,Truck23732,715,1,8
22814,Truck23743,666,1,8
22815,Truck23735,709,1,8
22816,Truck23741,682,1,8
22817,Truck23751,642,1,8
22818,Truck23747,668,1,8
22819,Truck23746,674,1,8
22820,Truck23749,660,1,8
22821,Truck23748,666,1,8
22822,Truck23758,622,1,8
22823,Truck23739,728,1,8
22824,Truck23754,660,1,8
22825,Truck23756,655,1,8
22826,Truck23745,717,1,8
22827,Truck23768,602,1,8
22828,Truck23753,678,1,8
22829,Truck23752,687,1,8
22830,Truck23762,640,1,8
22831,Truck23750,710,1,8
22832,Truck23760,660,1,8
22833,Truck23765,637,1,8
22834,Truck23759,670,1,8
22835,Truck23757,683,1,8
22836,Truck23766,640,1,8
22837,Truck23755,700,1,8
22838,Truck23761,679,1,8
22839,Truck23771,636,1,8
22840,Truck23763,681,1,8
22841,Truck23767,666,1,8
22842,Truck23769,666,1,8
22843,Truck23764,701,1,8
22844,Truck23775,647,1,8
22845,Truck23772,688,1,8
22846,Truck23774,684,1,8
22847,Truck23777,670,1,8
22848,Truck23782,659,1,8
22849,Truck23780,674,1,8
22850,Truck23778,686,1,8
22851,Truck23781,671,1,8
22852,Truck23783,661,1,8
22853,Truck23770,729,1,8
22854,Truck23788,640,1,8
22855,Truck23773,717,1,8
22856,Truck23776,706,1,8
22857,Truck23792,628,1,8
22858,Truck23786,666,1,8
22859,Truck23785,674,1,8
22860,Truck23784,680,1,8
22861,Truck23789,659,1,8
22862,Truck23793,659,1,8
22863,Truck23791,675,1,8
22864,Truck23779,743,1,8
22865,Truck23797,656,1,8
22866,Truck23800,641,1,8
22867,Truck23803,639,1,8
22868,Truck23795,683,1,8
22869,Truck23799,665,1,8
22870,Truck23790,712,1,8
22871,Truck23794,696,1,8
22872,Truck23801,661,1,8
22873,Truck23798,678,1,8
22874,Truck23807,635,1,8
22875,Truck23815,601,1,8
22876,Truck23802,667,1,8
22877,Truck23809,647,1,8
22878,Truck23796,714,1,8
22879,Truck23787,769,1,8
22880,Truck23808,672,1,8
22881,Truck23804,693,1,8
22882,Truck23805,693,1,8
22883,Truck23806,703,1,8
22884,Truck23816,658,1,8
22885,Truck23812,680,1,8
22886,Truck23813,679,1,8
22887,Truck23810,699,1,8
22888,Truck23818,662,1,8
22889,Truck23814,688,1,8
22890,Truck23817,678,1,8
22891,Truck23820,665,1,8
22892,Truck23811,720,1,8
22893,Truck23819,686,1,8
22894,Truck23824,674,1,8
22895,Truck23821,691,1,8
22896,Truck23825,677,1,8
22897,Truck23838,613,1,8
22898,Truck23823,693,1,8
22899,Truck23831,653,1,8
22900,Truck23827,681,1,8
22901,Truck23828,682,1,8
22902,Truck23830,673,1,8
22903,Truck23822,714,1,8
22904,Truck23832,667,1,8
22905,Truck23826,707,1,8
22906,Truck23835,671,1,8
22907,Truck23834,680,1,8
22908,Truck23836,674,1,8
22909,Truck23840,656,1,8
22910,Truck23837,674,1,8
22911,Truck23846,634,1,8
22912,Truck23842,664,1,8
22913,Truck23833,715,1,8
22914,Truck23850,630,1,8
22915,Truck23844,662,1,8
22916,Truck23841,692,1,8
22917,Truck23848,658,1,8
22918,Truck23829,757,1,8
22919,Truck23845,680,1,8
22920,Truck23852,647,1,8
22921,Truck23839,714,1,8
22922,Truck23847,677,1,8
22923,Truck23843,707,1,8
22924,Truck23854,654,1,8
22925,Truck23858,638,1,8
22926,Truck23855,677,1,8
22927,Truck23867,622,1,8
22928,Truck23851,703,1,8
22929,Truck23849,723,1,8
22930,Truck23853,707,1,8
22931,Truck23857,687,1,8
22932,Truck23856,700,1,8
22933,Truck23862,670,1,8
22934,Truck23870,633,1,8
22935,Truck23861,686,1,8
22936,Truck23869,647,1,8
22937,Truck23859,714,1,8
22938,Truck23864,689,1,8
22939,Truck23868,673,1,8
22940,Truck23860,717,1,8
22941,Truck23866,688,1,8
22942,Truck23876,638,1,8
22943,Truck23877,636,1,8
22944,Truck23863,707,1,8
22945,Truck23878,648,1,8
22946,Truck23885,613,1,8
22947,Truck23879,646,1,8
22948,Truck23865,719,1,8
22949,Truck23874,674,1,8
22950,Truck23871,696,1,8
22951,Truck23875,683,1,8
22952,Truck23882,650,1,8
22953,Truck23873,697,1,8
22954,Truck23880,670,1,8
22955,Truck23872,723,1,8
22956,Truck23883,668,1,8
22957,Truck23895,619,1,8
22958,Truck23887,677,1,8
22959,Truck23886,683,1,8
22960,Truck23888,673,1,8
22961,Truck23889,669,1,8
22962,Truck23881,715,1,8
22963,Truck23891,682,1,8
22964,Truck23890,689,1,8
22965,Truck23899,649,1,8
22966,Truck23894,683,1,8
22967,Truck23898,663,1,8
22968,Truck23893,689,1,8
22969,Truck23884,737,1,8
22970,Truck23897,675,1,8
22971,Truck23892,708,1,8
22972,Truck23905,647,1,8
22973,Truck23911,628,1,8
22974,Truck23901,679,1,8
22975,Truck23904,668,1,8
22976,Truck23900,694,1,8
22977,Truck23896,723,1,8
22978,Truck23908,664,1,8
22979,Truck23903,691,1,8
22980,Truck23915,631,1,8
22981,Truck23907,681,1,8
22982,Truck23906,692,1,8
22983,Truck23912,666,1,8
22984,Truck23902,717,1,8
22985,Truck23910,693,1,8
22986,Truck23918,666,1,8
22987,Truck23916,681,1,8
22988,Truck23924,641,1,8
22989,Truck23921,659,1,8
22990,Truck23926,645,1,8
22991,Truck23914,713,1,8
22992,Truck23919,693,1,8
22993,Truck23909,748,1,8
22994,Truck23920,693,1,8
22995,Truck23927,659,1,8
22996,Truck23917,711,1,8
22997,Truck23930,646,1,8
22998,Truck23923,688,1,8
22999,Truck23929,659,1,8
23000,Truck23922,696,1,8
23001,Truck23925,686,1,8
23002,Truck23913,749,1,8
23003,Truck23928,689,1,8
23004,Truck23931,695,1,8
23005,Truck23938,665,1,8
23006,Truck23932,697,1,8
23007,Truck23937,674,1,8
23008,Truck23934,690,1,8
23009,Truck23947,627,1,8
23010,Truck23939,668,1,8
23011,Truck23936,687,1,8
23012,Truck23942,661,1,8
23013,Truck23944,656,1,8
23014,Truck23935,705,1,8
23015,Truck23933,723,1,8
23016,Truck23941,696,1,8
23017,Truck23945,678,1,8
23018,Truck23943,691,1,8
23019,Truck23951,670,1,8
23020,Truck23948,693,1,8
23021,Truck23940,734,1,8
23022,Truck23950,688,1,8
23023,Truck23959,648,1,8
23024,Truck23952,684,1,8
23025,Truck23954,674,1,8
23026,Truck23955,669,1,8
23027,Truck23953,691,1,8
23028,Truck23962,648,1,8
23029,Truck23964,640,1,8
23030,Truck23968,620,1,8
23031,Truck23956,686,1,8
23032,Truck23957,681,1,8
23033,Truck23946,739,1,8
23034,Truck23963,657,1,8
23035,Truck23949,733,1,8
23036,Truck23961,677,1,8
23037,Truck23965,672,1,8
23038,Truck23975,628,1,8
23039,Truck23966,677,1,8
23040,Truck23958,718,1,8
23041,Truck23969,670,1,8
23042,Truck23971,661,1,8
23043,Truck23972,663,1,8
23044,Truck23960,726,1,8
23045,Truck23970,687,1,8
23046,Truck23977,655,1,8
23047,Truck23986,619,1,8
23048,Truck23976,675,1,8
23049,Truck23967,721,1,8
23050,Truck23973,696,1,8
23051,Truck23982,655,1,8
23052,Truck23983,655,1,8
23053,Truck23985,646,1,8
23054,Truck23984,653,1,8
23055,Truck23995,598,1,8
23056,Truck23987,649,1,8
23057,Truck23974,717,1,8
23058,Truck23989,642,1,8
23059,Truck23980,688,1,8
23060,Truck23988,651,1,8
23061,Truck23978,722,1,8
23062,Truck23990,663,1,8
23063,Truck23981,710,1,8
23064,Truck23994,647,1,8
23065,Truck24002,626,1,8
23066,Truck24005,616,1,8
23067,Truck23979,751,1,8
23068,Truck23996,669,1,8
23069,Truck23999,655,1,8
23070,Truck23997,670,1,8
23071,Truck23992,697,1,8
23072,Truck23993,694,1,8
23073,Truck23991,713,1,8
23074,Truck23998,686,1,8
23075,Truck24000,692,1,8
23076,Truck24007,660,1,8
23077,Truck24011,651,1,8
23078,Truck24010,657,1,8
23079,Truck24019,614,1,8
23080,Truck24018,621,1,8
23081,Truck24006,690,1,8
23082,Truck24001,718,1,8
23083,Truck24016,643,1,8
23084,Truck24004,705,1,8
23085,Truck24020,626,1,8
23086,Truck24015,655,1,8
23087,Truck24012,673,1,8
23088,Truck24013,668,1,8
23089,Truck24003,729,1,8
23090,Truck24023,631,1,8
23091,Truck24008,708,1,8
23092,Truck24024,628,1,8
23093,Truck24022,659,1,8
23094,Truck24027,641,1,8
23095,Truck24025,653,1,8
23096,Truck24009,736,1,8
23097,Truck24014,712,1,8
23098,Truck24021,692,1,8
23099,Truck24029,658,1,8
23100,Truck24034,640,1,8
23101,Truck24017,727,1,8
23102,Truck24035,644,1,8
23103,Truck24033,671,1,8
23104,Truck24026,723,1,8
23105,Truck24030,706,1,8
23106,Truck24038,667,1,8
23107,Truck24031,703,1,8
23108,Truck24032,699,1,8
23109,Truck24042,650,1,8
23110,Truck24036,687,1,8
23111,Truck24039,689,1,8
23112,Truck24037,701,1,8
23113,Truck24028,759,1,8
23114,Truck24041,696,1,8
23115,Truck24046,671,1,8
23116,Truck24044,691,1,8
23117,Truck24051,656,1,8
23118,Truck24040,712,1,8
23119,Truck24045,693,1,8
23120,Truck24058,635,1,8
23121,Truck24053,661,1,8
23122,Truck24048,689,1,8
23123,Truck24063,617,1,8
23124,Truck24043,720,1,8
23125,Truck24054,666,1,8
23126,Truck24050,687,1,8
23127,Truck24057,652,1,8
23128,Truck24055,663,1,8
23129,Truck24056,659,1,8
23130,Truck24047,706,1,8
23131,Truck24049,706,1,8
23132,Truck24052,694,1,8
23133,Truck24065,629,1,8
23134,Truck24059,662,1,8
23135,Truck24062,662,1,8
23136,Truck24060,686,1,8
23137,Truck24070,658,1,8
23138,Truck24066,682,1,8
23139,Truck24072,652,1,8
23140,Truck24077,635,1,8
23141,Truck24078,630,1,8
23142,Truck24076,643,1,8
23143,Truck24071,672,1,8
23144,Truck24075,658,1,8
23145,Truck24067,703,1,8
23146,Truck24064,721,1,8
23147,Truck24061,738,1,8
23148,Truck24068,707,1,8
23149,Truck24069,705,1,8
23150,Truck24085,626,1,8
23151,Truck24083,641,1,8
23152,Truck24081,653,1,8
23153,Truck24082,655,1,8
23154,Truck24080,673,1,8
23155,Truck24084,658,1,8
23156,Truck24087,657,1,8
23157,Truck24073,734,1,8
23158,Truck24086,669,1,8
23159,Truck24079,705,1,8
23160,Truck24088,661,1,8
23161,Truck24074,738,1,8
23162,Truck24089,666,1,8
23163,Truck24097,632,1,8
23164,Truck24093,671,1,8
23165,Truck24090,692,1,8
23166,Truck24091,687,1,8
23167,Truck24096,675,1,8
23168,Truck24092,696,1,8
23169,Truck24095,684,1,8
23170,Truck24099,667,1,8
23171,Truck24100,664,1,8
23172,Truck24103,650,1,8
23173,Truck24094,707,1,8
23174,Truck24101,673,1,8
23175,Truck24104,665,1,8
23176,Truck24105,668,1,8
23177,Truck24106,664,1,8
23178,Truck24112,639,1,8
23179,Truck24111,660,1,8
23180,Truck24109,676,1,8
23181,Truck24118,631,1,8
23182,Truck24108,683,1,8
23183,Truck24102,714,1,8
23184,Truck24110,679,1,8
23185,Truck24121,629,1,8
23186,Truck24098,745,1,8
23187,Truck24116,658,1,8
23188,Truck24107,706,1,8
23189,Truck24115,671,1,8
23190,Truck24113,683,1,8
23191,Truck24117,664,1,8
23192,Truck24114,684,1,8
23193,Truck24120,677,1,8
23194,Truck24129,636,1,8
23195,Truck24119,687,1,8
23196,Truck24125,663,1,8
23197,Truck24137,615,1,8
23198,Truck24123,689,1,8
23199,Truck24144,593,1,8
23200,Truck24126,684,1,8
23201,Truck24122,711,1,8
23202,Truck24135,648,1,8
23203,Truck24127,691,1,8
23204,Truck24140,631,1,8
23205,Truck24124,718,1,8
23206,Truck24128,701,1,8
23207,Truck24130,695,1,8
23208,Truck24138,661,1,8
23209,Truck24133,689,1,8
23210,Truck24132,696,1,8
23211,Truck24131,705,1,8
23212,Truck24142,655,1,8
23213,Truck24139,672,1,8
23214,Truck24143,652,1,8
23215,Truck24149,626,1,8
23216,Truck24141,674,1,8
23217,Truck24136,706,1,8
23218,Truck24147,652,1,8
23219,Truck24145,666,1,8
23220,Truck24154,634,1,8
23221,Truck24134,738,1,8
23222,Truck24151,654,1,8
23223,Truck24158,620,1,8
23224,Truck24148,671,1,8
23225,Truck24157,638,1,8
23226,Truck24152,674,1,8
23227,Truck24153,671,1,8
23228,Truck24155,662,1,8
23229,Truck24150,694,1,8
23230,Truck24156,666,1,8
23231,Truck24159,668,1,8
23232,Truck24146,735,1,8
23233,Truck24160,666,1,8
23234,Truck24169,632,1,8
23235,Truck24164,659,1,8
23236,Truck24161,687,1,8
23237,Truck24175,626,1,8
23238,Truck24168,663,1,8
23239,Truck24172,646,1,8
23240,Truck24171,655,1,8
23241,Truck24162,711,1,8
23242,Truck24163,711,1,8
23243,Truck24179,631,1,8
23244,Truck24173,668,1,8
23245,Truck24180,634,1,8
23246,Truck24182,624,1,8
23247,Truck24174,669,1,8
23248,Truck24181,641,1,8
23249,Truck24188,612,1,8
23250,Truck24166,731,1,8
23251,Truck24178,671,1,8
23252,Truck24165,737,1,8
23253,Truck24170,715,1,8
23254,Truck24186,636,1,8
23255,Truck24189,625,1,8
23256,Truck24176,691,1,8
23257,Truck24194,608,1,8
23258,Truck24177,694,1,8
23259,Truck24167,751,1,8
23260,Truck24183,671,1,8
23261,Truck24190,643,1,8
23262,Truck24192,639,1,8
23263,Truck24187,668,1,8
23264,Truck24185,687,1,8
23265,Truck24200,613,1,8
23266,Truck24195,640,1,8
23267,Truck24196,645,1,8
23268,Truck24193,667,1,8
23269,Truck24202,630,1,8
23270,Truck24184,729,1,8
23271,Truck24203,638,1,8
23272,Truck24191,703,1,8
23273,Truck24197,674,1,8
23274,Truck24198,670,1,8
23275,Truck24206,647,1,8
23276,Truck24201,677,1,8
23277,Truck24213,629,1,8
23278,Truck24207,660,1,8
23279,Truck24212,638,1,8
23280,Truck24210,649,1,8
23281,Truck24204,682,1,8
23282,Truck24221,599,1,8
23283,Truck24209,665,1,8
23284,Truck24205,686,1,8
23285,Truck24199,717,1,8
23286,Truck24208,693,1,8
23287,Truck24211,682,1,8
23288,Truck24217,661,1,8
23289,Truck24231,600,1,8
23290,Truck24214,687,1,8
23291,Truck24215,690,1,8
23292,Truck24219,672,1,8
23293,Truck24220,669,1,8
23294,Truck24216,704,1,8
23295,Truck24218,694,1,8
23296,Truck24222,683,1,8
23297,Truck24225,689,1,8
23298,Truck24227,680,1,8
23299,Truck24223,703,1,8
23300,Truck24224,699,1,8
23301,Truck24228,681,1,8
23302,Truck24226,700,1,8
23303,Truck24237,646,1,8
23304,Truck24233,682,1,8
23305,Truck24236,667,1,8
23306,Truck24235,674,1,8
23307,Truck24229,713,1,8
23308,Truck24234,691,1,8
23309,Truck24230,720,1,8
23310,Truck24240,672,1,8
23311,Truck24247,644,1,8
23312,Truck24243,666,1,8
23313,Truck24251,626,1,8
23314,Truck24249,639,1,8
23315,Truck24232,725,1,8
23316,Truck24238,696,1,8
23317,Truck24241,685,1,8
23318,Truck24242,692,1,8
23319,Truck24250,655,1,8
23320,Truck24245,683,1,8
23321,Truck24260,610,1,8
23322,Truck24239,725,1,8
23323,Truck24259,625,1,8
23324,Truck24253,663,1,8
23325,Truck24246,699,1,8
23326,Truck24252,671,1,8
23327,Truck24255,657,1,8
23328,Truck24254,666,1,8
23329,Truck24257,651,1,8
23330,Truck24244,726,1,8
23331,Truck24256,668,1,8
23332,Truck24269,607,1,8
23333,Truck24248,724,1,8
23334,Truck24263,658,1,8
23335,Truck24262,668,1,8
23336,Truck24266,650,1,8
23337,Truck24268,642,1,8
23338,Truck24273,619,1,8
23339,Truck24258,701,1,8
23340,Truck24265,670,1,8
23341,Truck24274,629,1,8
23342,Truck24279,613,1,8
23343,Truck24261,710,1,8
23344,Truck24267,683,1,8
23345,Truck24264,699,1,8
23346,Truck24270,672,1,8
23347,Truck24272,666,1,8
23348,Truck24276,660,1,8
23349,Truck24271,689,1,8
23350,Truck24277,661,1,8
23351,Truck24278,660,1,8
23352,Truck24275,683,1,8
23353,Truck24280,660,1,8
23354,Truck24285,637,1,8
23355,Truck24282,653,1,8
23356,Truck24283,653,1,8
23357,Truck24287,646,1,8
23358,Truck24281,687,1,8
23359,Truck24284,674,1,8
23360,Truck24292,656,1,8
23361,Truck24288,678,1,8
23362,Truck24289,674,1,8
23363,Truck24286,696,1,8
23364,Truck24291,684,1,8
23365,Truck24295,668,1,8
23366,Truck24299,650,1,8
23367,Truck24294,679,1,8
23368,Truck24290,702,1,8
23369,Truck24293,700,1,8
23370,Truck24296,685,1,8
23371,Truck24298,684,1,8
23372,Truck24311,625,1,8
23373,Truck24297,698,1,8
23374,Truck24301,681,1,8
23375,Truck24300,687,1,8
23376,Truck24304,671,1,8
23377,Truck24315,627,1,8
23378,Truck24310,654,1,8
23379,Truck24307,676,1,8
23380,Truck24316,634,1,8
23381,Truck24302,710,1,8
23382,Truck24305,703,1,8
23383,Truck24318,640,1,8
23384,Truck24308,691,1,8
23385,Truck24303,722,1,8
23386,Truck24321,632,1,8
23387,Truck24324,618,1,8
23388,Truck24313,675,1,8
23389,Truck24306,711,1,8
23390,Truck24309,697,1,8
23391,Truck24320,643,1,8
23392,Truck24312,686,1,8
23393,Truck24314,682,1,8
23394,Truck24317,671,1,8
23395,Truck24322,668,1,8
23396,Truck24325,653,1,8
23397,Truck24326,657,1,8
23398,Truck24327,668,1,8
23399,Truck24323,695,1,8
23400,Truck24338,620,1,8
23401,Truck24331,656,1,8
23402,Truck24335,645,1,8
23403,Truck24332,662,1,8
23404,Truck24342,613,1,8
23405,Truck24329,681,1,8
23406,Truck24328,688,1,8
23407,Truck24340,628,1,8
23408,Truck24319,734,1,8
23409,Truck24334,664,1,8
23410,Truck24336,658,1,8
23411,Truck24333,674,1,8
23412,Truck24347,615,1,8
23413,Truck24330,716,1,8
23414,Truck24346,639,1,8
23415,Truck24337,687,1,8
23416,Truck24341,671,1,8
23417,Truck24339,684,1,8
23418,Truck24345,657,1,8
23419,Truck24344,671,1,8
23420,Truck24349,647,1,8
23421,Truck24352,635,1,8
23422,Truck24483,948,2,8
23423,Truck24484,997,2,8
23424,Truck24487,1000,2,8
23425,Truck24485,1011,2,8
23426,Truck24488,1016,2,8
23427,Truck24500,956,2,8
23428,Truck24480,1060,2,8
23429,Truck24499,968,2,8
23430,Truck24490,1015,2,8
23431,Truck24496,992,2,8
23432,Truck24492,1017,2,8
23433,Truck24510,927,2,8
23434,Truck24503,967,2,8
23435,Truck24494,1015,2,8
23436,Truck24491,1033,2,8
23437,Truck24497,1015,2,8
23438,Truck24482,1092,2,8
23439,Truck24481,1102,2,8
23440,Truck24498,1018,2,8
23441,Truck24509,965,2,8
23442,Truck24489,1069,2,8
23443,Truck24516,938,2,8
23444,Truck24493,1055,2,8
23445,Truck24508,985,2,8
23446,Truck24513,965,2,8
23447,Truck24505,1009,2,8
23448,Truck24486,1105,2,8
23449,Truck24502,1030,2,8
23450,Truck24501,1059,2,8
23451,Truck24507,1032,2,8
23452,Truck24512,1019,2,8
23453,Truck24495,1109,2,8
23454,Truck24511,1030,2,8
23455,Truck24515,1014,2,8
23456,Truck24506,1065,2,8
23457,Truck24522,990,2,8
23458,Truck24520,1004,2,8
23459,Truck24525,981,2,8
23460,Truck24524,992,2,8
23461,Truck24518,1042,2,8
23462,Truck24521,1037,2,8
23463,Truck24528,1003,2,8
23464,Truck24514,1086,2,8
23465,Truck24530,1017,2,8
23466,Truck24527,1041,2,8
23467,Truck24517,1092,2,8
23468,Truck24542,967,2,8
23469,Truck24532,1018,2,8
23470,Truck24504,1159,2,8
23471,Truck24529,1034,2,8
23472,Truck24526,1053,2,8
23473,Truck24536,1006,2,8
23474,Truck24538,996,2,8
23475,Truck24535,1016,2,8
23476,Truck24531,1037,2,8
23477,Truck24546,967,2,8
23478,Truck24539,1010,2,8
23479,Truck24519,1113,2,8
23480,Truck24533,1058,2,8
23481,Truck24545,1001,2,8
23482,Truck24523,1116,2,8
23483,Truck24556,957,2,8
23484,Truck24555,970,2,8
23485,Truck24544,1027,2,8
23486,Truck24541,1047,2,8
23487,Truck24547,1017,2,8
23488,Truck24537,1074,2,8
23489,Truck24554,991,2,8
23490,Truck24561,961,2,8
23491,Truck24551,1012,2,8
23492,Truck24534,1104,2,8
23493,Truck24550,1025,2,8
23494,Truck24557,996,2,8
23495,Truck24540,1088,2,8
23496,Truck24559,997,2,8
23497,Truck24564,978,2,8
23498,Truck24579,903,2,8
23499,Truck24549,1059,2,8
23500,Truck24543,1090,2,8
23501,Truck24572,948,2,8
23502,Truck24548,1070,2,8
23503,Truck24565,987,2,8
23504,Truck24552,1053,2,8
23505,Truck24563,1005,2,8
23506,Truck24558,1034,2,8
23507,Truck24568,984,2,8
23508,Truck24553,1088,2,8
23509,Truck24571,1024,2,8
23510,Truck24567,1048,2,8
23511,Truck24575,1008,2,8
23512,Truck24569,1040,2,8
23513,Truck24560,1087,2,8
23514,Truck24576,1011,2,8
23515,Truck24580,997,2,8
23516,Truck24585,972,2,8
23517,Truck24573,1035,2,8
23518,Truck24566,1074,2,8
23519,Truck24574,1039,2,8
23520,Truck24562,1103,2,8
23521,Truck24586,984,2,8
23522,Truck24583,1010,2,8
23523,Truck24577,1043,2,8
23524,Truck24588,990,2,8
23525,Truck24584,1013,2,8
23526,Truck24570,1088,2,8
23527,Truck24581,1042,2,8
23528,Truck24578,1062,2,8
23529,Truck24589,1010,2,8
23530,Truck24595,982,2,8
23531,Truck24582,1058,2,8
23532,Truck24590,1020,2,8
23533,Truck24601,971,2,8
23534,Truck24602,968,2,8
23535,Truck24593,1015,2,8
23536,Truck24611,925,2,8
23537,Truck24597,1004,2,8
23538,Truck24603,976,2,8
23539,Truck24587,1062,2,8
23540,Truck24604,979,2,8
23541,Truck24596,1021,2,8
23542,Truck24591,1064,2,8
23543,Truck24592,1059,2,8
23544,Truck24607,988,2,8
23545,Truck24594,1057,2,8
23546,Truck24608,988,2,8
23547,Truck24600,1035,2,8
23548,Truck24598,1046,2,8
23549,Truck24605,1015,2,8
23550,Truck24599,1069,2,8
23551,Truck24616,984,2,8
23552,Truck24620,965,2,8
23553,Truck24606,1053,2,8
23554,Truck24613,1025,2,8
23555,Truck24623,979,2,8
23556,Truck24629,955,2,8
23557,Truck24621,997,2,8
23558,Truck24617,1030,2,8
23559,Truck24610,1079,2,8
23560,Truck24618,1041,2,8
23561,Truck24609,1102,2,8
23562,Truck24624,1027,2,8
23563,Truck24626,1023,2,8
23564,Truck24612,1100,2,8
23565,Truck24615,1086,2,8
23566,Truck24614,1092,2,8
23567,Truck24632,1010,2,8
23568,Truck24619,1076,2,8
23569,Truck24631,1020,2,8
23570,Truck24622,1067,2,8
23571,Truck24625,1054,2,8
23572,Truck24628,1053,2,8
23573,Truck24640,998,2,8
23574,Truck24627,1067,2,8
23575,Truck24635,1028,2,8
23576,Truck24630,1058,2,8
23577,Truck24636,1039,2,8
23578,Truck24642,1010,2,8
23579,Truck24633,1061,2,8
23580,Truck24657,951,2,8
23581,Truck24645,1015,2,8
23582,Truck24637,1061,2,8
23583,Truck24641,1043,2,8
23584,Truck24656,968,2,8
23585,Truck24638,1064,2,8
23586,Truck24634,1086,2,8
23587,Truck24650,1009,2,8
23588,Truck24666,937,2,8
23589,Truck24639,1073,2,8
23590,Truck24644,1054,2,8
23591,Truck24660,983,2,8
23592,Truck24651,1033,2,8
23593,Truck24643,1075,2,8
23594,Truck24652,1035,2,8
23595,Truck24649,1052,2,8
23596,Truck24654,1028,2,8
23597,Truck24648,1072,2,8
23598,Truck24664,994,2,8
23599,Truck24653,1050,2,8
23600,Truck24655,1041,2,8
23601,Truck24658,1028,2,8
23602,Truck24659,1023,2,8
23603,Truck24662,1014,2,8
23604,Truck24670,978,2,8
23605,Truck24669,999,2,8
23606,Truck24665,1021,2,8
23607,Truck24661,1045,2,8
23608,Truck24647,1120,2,8
23609,Truck24679,964,2,8
23610,Truck24673,1003,2,8
23611,Truck24676,991,2,8
23612,Truck24646,1144,2,8
23613,Truck24686,947,2,8
23614,Truck24677,994,2,8
23615,Truck24675,1007,2,8
23616,Truck24663,1079,2,8
23617,Truck24667,1066,2,8
23618,Truck24671,1059,2,8
23619,Truck24681,1011,2,8
23620,Truck24668,1093,2,8
23621,Truck24683,1020,2,8
23622,Truck24684,1025,2,8
23623,Truck24688,1005,2,8
23624,Truck24678,1056,2,8
23625,Truck24674,1078,2,8
23626,Truck24701,943,2,8
23627,Truck24690,1003,2,8
23628,Truck24672,1095,2,8
23629,Truck24699,961,2,8
23630,Truck24680,1057,2,8
23631,Truck24696,980,2,8
23632,Truck24685,1047,2,8
23633,Truck24697,988,2,8
23634,Truck24689,1030,2,8
23635,Truck24691,1038,2,8
23636,Truck24693,1032,2,8
23637,Truck24682,1098,2,8
23638,Truck24698,1026,2,8
23639,Truck24692,1057,2,8
23640,Truck24700,1025,2,8
23641,Truck24707,1004,2,8
23642,Truck24708,999,2,8
23643,Truck24711,985,2,8
23644,Truck24687,1106,2,8
23645,Truck24733,876,2,8
23646,Truck24706,1013,2,8
23647,Truck24694,1075,2,8
23648,Truck24702,1035,2,8
23649,Truck24695,1074,2,8
23650,Truck24703,1034,2,8
23651,Truck24705,1024,2,8
23652,Truck24710,1005,2,8
23653,Truck24723,942,2,8
23654,Truck24713,1012,2,8
23655,Truck24709,1033,2,8
23656,Truck24712,1021,2,8
23657,Truck24729,940,2,8
23658,Truck24704,1080,2,8
23659,Truck24731,945,2,8
23660,Truck24716,1023,2,8
23661,Truck24718,1030,2,8
23662,Truck24714,1052,2,8
23663,Truck24719,1027,2,8
23664,Truck24734,962,2,8
23665,Truck24726,1007,2,8
23666,Truck24727,1009,2,8
23667,Truck24724,1033,2,8
23668,Truck24738,963,2,8
23669,Truck24720,1055,2,8
23670,Truck24721,1050,2,8
23671,Truck24728,1015,2,8
23672,Truck24722,1052,2,8
23673,Truck24737,978,2,8
23674,Truck24725,1040,2,8
23675,Truck24744,952,2,8
23676,Truck24742,964,2,8
23677,Truck24730,1038,2,8
23678,Truck24717,1107,2,8
23679,Truck24732,1033,2,8
23680,Truck24715,1121,2,8
23681,Truck24735,1023,2,8
23682,Truck24736,1028,2,8
23683,Truck24757,936,2,8
23684,Truck24741,1018,2,8
23685,Truck24750,996,2,8
23686,Truck24743,1036,2,8
23687,Truck24748,1013,2,8
23688,Truck24745,1034,2,8
23689,Truck24746,1031,2,8
23690,Truck24754,993,2,8
23691,Truck24766,936,2,8
23692,Truck24747,1034,2,8
23693,Truck24739,1077,2,8
23694,Truck24751,1017,2,8
23695,Truck24755,999,2,8
23696,Truck24756,999,2,8
23697,Truck24761,979,2,8
23698,Truck24749,1046,2,8
23699,Truck24752,1034,2,8
23700,Truck24768,954,2,8
23701,Truck24759,1002,2,8
23702,Truck24758,1025,2,8
23703,Truck24763,1007,2,8
23704,Truck24740,1128,2,8
23705,Truck24764,1010,2,8
23706,Truck24762,1021,2,8
23707,Truck24760,1042,2,8
23708,Truck24753,1079,2,8
23709,Truck24779,954,2,8
23710,Truck24765,1040,2,8
23711,Truck24782,955,2,8
23712,Truck24780,971,2,8
23713,Truck24769,1038,2,8
23714,Truck24772,1023,2,8
23715,Truck24776,1016,2,8
23716,Truck24774,1027,2,8
23717,Truck24771,1043,2,8
23718,Truck24784,980,2,8
23719,Truck24773,1037,2,8
23720,Truck24792,943,2,8
23721,Truck24775,1032,2,8
23722,Truck24788,973,2,8
23723,Truck24795,941,2,8
23724,Truck24770,1069,2,8
23725,Truck24785,994,2,8
23726,Truck24767,1087,2,8
23727,Truck24787,989,2,8
23728,Truck24783,1012,2,8
23729,Truck24778,1044,2,8
23730,Truck24777,1058,2,8
23731,Truck24800,946,2,8
23732,Truck24790,997,2,8
23733,Truck24791,996,2,8
23734,Truck24798,964,2,8
23735,Truck24781,1065,2,8
23736,Truck24793,1006,2,8
23737,Truck24796,1000,2,8
23738,Truck24805,958,2,8
23739,Truck24786,1057,2,8
23740,Truck24789,1043,2,8
23741,Truck24803,977,2,8
23742,Truck24804,983,2,8
23743,Truck24797,1030,2,8
23744,Truck24811,968,2,8
23745,Truck24815,954,2,8
23746,Truck24816,954,2,8
23747,Truck24806,1005,2,8
23748,Truck24799,1045,2,8
23749,Truck24794,1076,2,8
23750,Truck24801,1057,2,8
23751,Truck24807,1030,2,8
23752,Truck24823,956,2,8
23753,Truck24802,1070,2,8
23754,Truck24809,1035,2,8
23755,Truck24808,1045,2,8
23756,Truck24825,963,2,8
23757,Truck24817,1005,2,8
23758,Truck24819,995,2,8
23759,Truck24821,991,2,8
23760,Truck24812,1045,2,8
23761,Truck24814,1035,2,8
23762,Truck24822,998,2,8
23763,Truck24827,988,2,8
23764,Truck24818,1037,2,8
23765,Truck24810,1080,2,8
23766,Truck24828,996,2,8
23767,Truck24830,995,2,8
23768,Truck24835,974,2,8
23769,Truck24824,1032,2,8
23770,Truck24839,960,2,8
23771,Truck24837,971,2,8
23772,Truck24826,1041,2,8
23773,Truck24813,1132,2,8
23774,Truck24846,970,2,8
23775,Truck24836,1028,2,8
23776,Truck24845,984,2,8
23777,Truck24829,1065,2,8
23778,Truck24853,946,2,8
23779,Truck24820,1119,2,8
23780,Truck24852,969,2,8
23781,Truck24844,1011,2,8
23782,Truck24831,1077,2,8
23783,Truck24847,1001,2,8
23784,Truck24849,992,2,8
23785,Truck24834,1072,2,8
23786,Truck24832,1087,2,8
23787,Truck24840,1051,2,8
23788,Truck24855,979,2,8
23789,Truck24833,1093,2,8
23790,Truck24843,1045,2,8
23791,Truck24842,1052,2,8
23792,Truck24850,1017,2,8
23793,Truck24838,1078,2,8
23794,Truck24848,1049,2,8
23795,Truck24864,971,2,8
23796,Truck24859,1008,2,8
23797,Truck24856,1026,2,8
23798,Truck24854,1038,2,8
23799,Truck24841,1106,2,8
23800,Truck24873,948,2,8
23801,Truck24867,984,2,8
23802,Truck24857,1041,2,8
23803,Truck24858,1039,2,8
23804,Truck24863,1029,2,8
23805,Truck24851,1093,2,8
23806,Truck24862,1050,2,8
23807,Truck24861,1070,2,8
23808,Truck24860,1076,2,8
23809,Truck24871,1024,2,8
23810,Truck24870,1030,2,8
23811,Truck24878,1002,2,8
23812,Truck24868,1053,2,8
23813,Truck24865,1069,2,8
23814,Truck24880,1000,2,8
23815,Truck24881,998,2,8
23816,Truck24887,972,2,8
23817,Truck24894,937,2,8
23818,Truck24877,1029,2,8
23819,Truck24884,996,2,8
23820,Truck24875,1047,2,8
23821,Truck24885,1002,2,8
23822,Truck24879,1034,2,8
23823,Truck24866,1103,2,8
23824,Truck24872,1078,2,8
23825,Truck24869,1094,2,8
23826,Truck24874,1070,2,8
23827,Truck24903,927,2,8
23828,Truck24883,1029,2,8
23829,Truck24886,1027,2,8
23830,Truck24891,1009,2,8
23831,Truck24889,1035,2,8
23832,Truck24902,970,2,8
23833,Truck24882,1072,2,8
23834,Truck24897,1006,2,8
23835,Truck24904,977,2,8
23836,Truck24893,1034,2,8
23837,Truck24907,964,2,8
23838,Truck24876,1129,2,8
23839,Truck24892,1050,2,8
23840,Truck24920,918,2,8
23841,Truck24899,1024,2,8
23842,Truck24888,1091,2,8
23843,Truck24898,1041,2,8
23844,Truck24918,943,2,8
23845,Truck24910,984,2,8
23846,Truck24900,1036,2,8
23847,Truck24890,1089,2,8
23848,Truck24908,1007,2,8
23849,Truck24909,1005,2,8
23850,Truck24914,983,2,8
23851,Truck24915,981,2,8
23852,Truck24896,1079,2,8
23853,Truck24916,980,2,8
23854,Truck24901,1057,2,8
23855,Truck24905,1037,2,8
23856,Truck24923,975,2,8
23857,Truck24895,1121,2,8
23858,Truck24911,1041,2,8
23859,Truck24913,1048,2,8
23860,Truck24917,1029,2,8
23861,Truck24937,930,2,8
23862,Truck24906,1087,2,8
23863,Truck24928,982,2,8
23864,Truck24927,992,2,8
23865,Truck24941,922,2,8
23866,Truck24919,1043,2,8
23867,Truck24931,987,2,8
23868,Truck24925,1046,2,8
23869,Truck24926,1042,2,8
23870,Truck24929,1028,2,8
23871,Truck24921,1069,2,8
23872,Truck24922,1069,2,8
23873,Truck24912,1127,2,8
23874,Truck24930,1037,2,8
23875,Truck24936,1007,2,8
23876,Truck24938,1002,2,8
23877,Truck24942,985,2,8
23878,Truck24933,1035,2,8
23879,Truck24924,1083,2,8
23880,Truck24953,940,2,8
23881,Truck24932,1048,2,8
23882,Truck24939,1017,2,8
23883,Truck24934,1046,2,8
23884,Truck24946,990,2,8
23885,Truck24935,1049,2,8
23886,Truck24943,1025,2,8
23887,Truck24945,1033,2,8
23888,Truck24954,991,2,8
23889,Truck24951,1007,2,8
23890,Truck24950,1022,2,8
23891,Truck24947,1038,2,8
23892,Truck24964,963,2,8
23893,Truck24959,993,2,8
23894,Truck24944,1078,2,8
23895,Truck24952,1042,2,8
23896,Truck24960,1009,2,8
23897,Truck24962,1001,2,8
23898,Truck24958,1024,2,8
23899,Truck24969,970,2,8
23900,Truck24948,1079,2,8
23901,Truck24949,1074,2,8
23902,Truck24982,913,2,8
23903,Truck24956,1048,2,8
23904,Truck24940,1132,2,8
23905,Truck24955,1058,2,8
23906,Truck24980,939,2,8
23907,Truck24957,1068,2,8
23908,Truck24967,1018,2,8
23909,Truck24977,971,2,8
23910,Truck24971,1005,2,8
23911,Truck24970,1016,2,8
23912,Truck24963,1052,2,8
23913,Truck24968,1035,2,8
23914,Truck24961,1074,2,8
23915,Truck24966,1052,2,8
23916,Truck24975,1012,2,8
23917,Truck24979,992,2,8
23918,Truck24965,1065,2,8
23919,Truck24987,961,2,8
23920,Truck24972,1053,2,8
23921,Truck24981,1009,2,8
23922,Truck24974,1060,2,8
23923,Truck24978,1051,2,8
23924,Truck24997,960,2,8
23925,Truck24973,1082,2,8
23926,Truck24976,1067,2,8
23927,Truck24983,1032,2,8
23928,Truck24988,1009,2,8
23929,Truck25002,943,2,8
23930,Truck24986,1040,2,8
23931,Truck24994,1008,2,8
23932,Truck24984,1059,2,8
23933,Truck24991,1032,2,8
23934,Truck24992,1031,2,8
23935,Truck24989,1047,2,8
23936,Truck24998,1003,2,8
23937,Truck25007,969,2,8
23938,Truck24990,1058,2,8
23939,Truck25019,916,2,8
23940,Truck24996,1041,2,8
23941,Truck24995,1048,2,8
23942,Truck25003,1008,2,8
23943,Truck25005,998,2,8
23944,Truck25008,985,2,8
23945,Truck25001,1022,2,8
23946,Truck24985,1104,2,8
23947,Truck24993,1069,2,8
23948,Truck24999,1039,2,8
23949,Truck25016,960,2,8
23950,Truck25000,1055,2,8
23951,Truck25012,995,2,8
23952,Truck25018,971,2,8
23953,Truck25015,990,2,8
23954,Truck25009,1022,2,8
23955,Truck25011,1018,2,8
23956,Truck25027,940,2,8
23957,Truck25006,1055,2,8
23958,Truck25014,1020,2,8
23959,Truck25030,949,2,8
23960,Truck25004,1081,2,8
23961,Truck25017,1017,2,8
23962,Truck25022,994,2,8
23963,Truck25021,1012,2,8
23964,Truck25020,1020,2,8
23965,Truck25013,1057,2,8
23966,Truck25010,1077,2,8
23967,Truck25026,1002,2,8
23968,Truck25035,959,2,8
23969,Truck25033,988,2,8
23970,Truck25044,936,2,8
23971,Truck25040,957,2,8
23972,Truck25028,1018,2,8
23973,Truck25037,996,2,8
23974,Truck25029,1037,2,8
23975,Truck25023,1069,2,8
23976,Truck25042,975,2,8
23977,Truck25024,1067,2,8
23978,Truck25031,1035,2,8
23979,Truck25046,965,2,8
23980,Truck25034,1030,2,8
23981,Truck25032,1051,2,8
23982,Truck25025,1090,2,8
23983,Truck25038,1028,2,8
23984,Truck25036,1047,2,8
23985,Truck25043,1020,2,8
23986,Truck25049,995,2,8
23987,Truck25039,1047,2,8
23988,Truck25041,1038,2,8
23989,Truck25060,953,2,8
23990,Truck25047,1028,2,8
23991,Truck25059,969,2,8
23992,Truck25050,1015,2,8
23993,Truck25045,1041,2,8
23994,Truck25064,970,2,8
23995,Truck25051,1036,2,8
23996,Truck25057,1012,2,8
23997,Truck25048,1061,2,8
23998,Truck25061,997,2,8
23999,Truck25063,991,2,8
24000,Truck25066,982,2,8
24001,Truck25068,978,2,8
24002,Truck25065,994,2,8
24003,Truck25053,1062,2,8
24004,Truck25074,960,2,8
24005,Truck25052,1073,2,8
24006,Truck25078,958,2,8
24007,Truck25067,1015,2,8
24008,Truck25054,1083,2,8
24009,Truck25056,1073,2,8
24010,Truck25055,1093,2,8
24011,Truck25058,1085,2,8
24012,Truck25070,1025,2,8
24013,Truck25077,994,2,8
24014,Truck25075,1011,2,8
24015,Truck25072,1029,2,8
24016,Truck25071,1041,2,8
24017,Truck25080,1002,2,8
24018,Truck25085,980,2,8
24019,Truck25091,951,2,8
24020,Truck25082,999,2,8
24021,Truck25069,1065,2,8
24022,Truck25090,968,2,8
24023,Truck25076,1044,2,8
24024,Truck25083,1014,2,8
24025,Truck25086,1000,2,8
24026,Truck25081,1036,2,8
24027,Truck25098,968,2,8
24028,Truck25087,1024,2,8
24029,Truck25100,963,2,8
24030,Truck25093,1001,2,8
24031,Truck25079,1072,2,8
24032,Truck25094,997,2,8
24033,Truck25092,1019,2,8
24034,Truck25062,1173,2,8
24035,Truck25103,972,2,8
24036,Truck25096,1027,2,8
24037,Truck25088,1074,2,8
24038,Truck25106,986,2,8
24039,Truck25099,1023,2,8
24040,Truck25095,1045,2,8
24041,Truck25089,1078,2,8
24042,Truck25101,1019,2,8
24043,Truck25084,1107,2,8
24044,Truck25073,1163,2,8
24045,Truck25104,1008,2,8
24046,Truck25102,1022,2,8
24047,Truck25105,1023,2,8
24048,Truck25111,993,2,8
24049,Truck25097,1067,2,8
24050,Truck25107,1020,2,8
24051,Truck25124,937,2,8
24052,Truck25108,1019,2,8
24053,Truck25122,975,2,8
24054,Truck25132,925,2,8
24055,Truck25112,1037,2,8
24056,Truck25121,992,2,8
24057,Truck25123,982,2,8
24058,Truck25117,1013,2,8
24059,Truck25118,1008,2,8
24060,Truck25120,999,2,8
24061,Truck25109,1065,2,8
24062,Truck25127,979,2,8
24063,Truck25115,1043,2,8
24064,Truck25113,1055,2,8
24065,Truck25114,1054,2,8
24066,Truck25110,1078,2,8
24067,Truck25126,998,2,8
24068,Truck25116,1081,2,8
24069,Truck25136,981,2,8
24070,Truck25133,1013,2,8
24071,Truck25129,1038,2,8
24072,Truck25138,995,2,8
24073,Truck25130,1037,2,8
24074,Truck25135,1016,2,8
24075,Truck25119,1099,2,8
24076,Truck25128,1061,2,8
24077,Truck25131,1050,2,8
24078,Truck25142,999,2,8
24079,Truck25144,991,2,8
24080,Truck25125,1087,2,8
24081,Truck25148,987,2,8
24082,Truck25141,1025,2,8
24083,Truck25146,1000,2,8
24084,Truck25157,953,2,8
24085,Truck25134,1072,2,8
24086,Truck25137,1063,2,8
24087,Truck25150,999,2,8
24088,Truck25152,994,2,8
24089,Truck25143,1043,2,8
24090,Truck25155,990,2,8
24091,Truck25147,1032,2,8
24092,Truck25145,1044,2,8
24093,Truck25163,958,2,8
24094,Truck25149,1034,2,8
24095,Truck25161,975,2,8
24096,Truck25140,1089,2,8
24097,Truck25166,965,2,8
24098,Truck25151,1043,2,8
24099,Truck25154,1038,2,8
24100,Truck25158,1020,2,8
24101,Truck25159,1021,2,8
24102,Truck25162,1006,2,8
24103,Truck25139,1132,2,8
24104,Truck25160,1029,2,8
24105,Truck25153,1066,2,8
24106,Truck25170,987,2,8
24107,Truck25172,985,2,8
24108,Truck25156,1072,2,8
24109,Truck25173,991,2,8
24110,Truck25175,982,2,8
24111,Truck25168,1018,2,8
24112,Truck25165,1042,2,8
24113,Truck25164,1063,2,8
24114,Truck25183,968,2,8
24115,Truck25171,1033,2,8
24116,Truck25178,1006,2,8
24117,Truck25177,1014,2,8
24118,Truck25184,982,2,8
24119,Truck25167,1069,2,8
24120,Truck25179,1013,2,8
24121,Truck25180,1015,2,8
24122,Truck25188,981,2,8
24123,Truck25202,911,2,8
24124,Truck25174,1063,2,8
24125,Truck25176,1059,2,8
24126,Truck25185,1022,2,8
24127,Truck25191,994,2,8
24128,Truck25182,1040,2,8
24129,Truck25199,955,2,8
24130,Truck25186,1024,2,8
24131,Truck25192,999,2,8
24132,Truck25181,1055,2,8
24133,Truck25169,1122,2,8
24134,Truck25200,971,2,8
24135,Truck25187,1045,2,8
24136,Truck25197,995,2,8
24137,Truck25196,1007,2,8
24138,Truck25204,970,2,8
24139,Truck25210,942,2,8
24140,Truck25209,958,2,8
24141,Truck25211,969,2,8
24142,Truck25189,1080,2,8
24143,Truck25201,1027,2,8
24144,Truck25195,1060,2,8
24145,Truck25194,1066,2,8
24146,Truck25220,937,2,8
24147,Truck25212,989,2,8
24148,Truck25205,1025,2,8
24149,Truck25213,997,2,8
24150,Truck25198,1074,2,8
24151,Truck25218,976,2,8
24152,Truck25206,1038,2,8
24153,Truck25193,1105,2,8
24154,Truck25190,1124,2,8
24155,Truck25215,1000,2,8
24156,Truck25208,1036,2,8
24157,Truck25235,905,2,8
24158,Truck25221,977,2,8
24159,Truck25214,1016,2,8
24160,Truck25228,950,2,8
24161,Truck25222,983,2,8
24162,Truck25219,1004,2,8
24163,Truck25203,1086,2,8
24164,Truck25207,1087,2,8
24165,Truck25238,934,2,8
24166,Truck25216,1046,2,8
24167,Truck25225,1008,2,8
24168,Truck25227,1001,2,8
24169,Truck25230,996,2,8
24170,Truck25217,1079,2,8
24171,Truck25233,999,2,8
24172,Truck25223,1066,2,8
24173,Truck25234,1012,2,8
24174,Truck25224,1066,2,8
24175,Truck25245,962,2,8
24176,Truck25226,1063,2,8
24177,Truck25246,977,2,8
24178,Truck25241,1003,2,8
24179,Truck25232,1062,2,8
24180,Truck25240,1032,2,8
24181,Truck25239,1041,2,8
24182,Truck25236,1062,2,8
24183,Truck25265,925,2,8
24184,Truck25237,1070,2,8
24185,Truck25244,1036,2,8
24186,Truck25249,1011,2,8
24187,Truck25243,1047,2,8
24188,Truck25252,1002,2,8
24189,Truck25229,1123,2,8
24190,Truck25251,1017,2,8
24191,Truck25231,1123,2,8
24192,Truck25247,1043,2,8
24193,Truck25259,983,2,8
24194,Truck25242,1069,2,8
24195,Truck25256,1003,2,8
24196,Truck25254,1014,2,8
24197,Truck25257,1005,2,8
24198,Truck25253,1028,2,8
24199,Truck25267,964,2,8
24200,Truck25250,1052,2,8
24201,Truck25248,1068,2,8
24202,Truck25262,1007,2,8
24203,Truck25263,1012,2,8
24204,Truck25275,952,2,8
24205,Truck25261,1033,2,8
24206,Truck25255,1064,2,8
24207,Truck25260,1039,2,8
24208,Truck25276,965,2,8
24209,Truck25270,1008,2,8
24210,Truck25277,973,2,8
24211,Truck25281,955,2,8
24212,Truck25269,1020,2,8
24213,Truck25273,1009,2,8
24214,Truck25266,1047,2,8
24215,Truck25291,926,2,8
24216,Truck25271,1035,2,8
24217,Truck25264,1076,2,8
24218,Truck25274,1029,2,8
24219,Truck25282,989,2,8
24220,Truck25268,1064,2,8
24221,Truck25258,1115,2,8
24222,Truck25292,958,2,8
24223,Truck25300,926,2,8
24224,Truck25278,1038,2,8
24225,Truck25279,1039,2,8
24226,Truck25285,1013,2,8
24227,Truck25296,960,2,8
24228,Truck25290,993,2,8
24229,Truck25284,1030,2,8
24230,Truck25288,1011,2,8
24231,Truck25289,1008,2,8
24232,Truck25272,1119,2,8
24233,Truck25280,1082,2,8
24234,Truck25297,1007,2,8
24235,Truck25303,987,2,8
24236,Truck25283,1090,2,8
24237,Truck25294,1040,2,8
24238,Truck25295,1037,2,8
24239,Truck25305,989,2,8
24240,Truck25299,1022,2,8
24241,Truck25293,1059,2,8
24242,Truck25301,1035,2,8
24243,Truck25307,1011,2,8
24244,Truck25286,1117,2,8
24245,Truck25298,1058,2,8
24246,Truck25302,1043,2,8
24247,Truck25287,1136,2,8
24248,Truck25325,950,2,8
24249,Truck25314,1013,2,8
24250,Truck25311,1031,2,8
24251,Truck25306,1060,2,8
24252,Truck25316,1016,2,8
24253,Truck25315,1022,2,8
24254,Truck25318,1008,2,8
24255,Truck25308,1066,2,8
24256,Truck25309,1064,2,8
24257,Truck25322,999,2,8
24258,Truck25320,1012,2,8
24259,Truck25321,1009,2,8
24260,Truck25326,984,2,8
24261,Truck25327,984,2,8
24262,Truck25313,1057,2,8
24263,Truck25312,1064,2,8
24264,Truck25319,1029,2,8
24265,Truck25332,966,2,8
24266,Truck25328,1009,2,8
24267,Truck25317,1065,2,8
24268,Truck25304,1137,2,8
24269,Truck25334,989,2,8
24270,Truck25337,978,2,8
24271,Truck25324,1045,2,8
24272,Truck25343,954,2,8
24273,Truck25323,1055,2,8
24274,Truck25331,1017,2,8
24275,Truck25335,1000,2,8
24276,Truck25339,988,2,8
24277,Truck25310,1144,2,8
24278,Truck25342,987,2,8
24279,Truck25340,1000,2,8
24280,Truck25329,1056,2,8
24281,Truck25346,981,2,8
24282,Truck25333,1048,2,8
24283,Truck25344,1000,2,8
24284,Truck25345,1006,2,8
24285,Truck25357,956,2,8
24286,Truck25350,999,2,8
24287,Truck25361,948,2,8
24288,Truck25330,1115,2,8
24289,Truck25360,965,2,8
24290,Truck25353,1007,2,8
24291,Truck25362,963,2,8
24292,Truck25368,933,2,8
24293,Truck25341,1069,2,8
24294,Truck25336,1100,2,8
24295,Truck25356,1006,2,8
24296,Truck25383,876,2,8
24297,Truck25348,1064,2,8
24298,Truck25363,991,2,8
24299,Truck25351,1054,2,8
24300,Truck25369,968,2,8
24301,Truck25365,993,2,8
24302,Truck25354,1050,2,8
24303,Truck25358,1033,2,8
24304,Truck25347,1089,2,8
24305,Truck25352,1070,2,8
24306,Truck25364,1011,2,8
24307,Truck25338,1142,2,8
24308,Truck25367,1002,2,8
24309,Truck25349,1099,2,8
24310,Truck25379,952,2,8
24311,Truck25370,1001,2,8
24312,Truck25371,997,2,8
24313,Truck25372,996,2,8
24314,Truck25359,1062,2,8
24315,Truck25375,1008,2,8
24316,Truck25366,1056,2,8
24317,Truck25374,1017,2,8
24318,Truck25376,1012,2,8
24319,Truck25386,962,2,8
24320,Truck25373,1043,2,8
24321,Truck25355,1141,2,8
24322,Truck25377,1038,2,8
24323,Truck25381,1022,2,8
24324,Truck25387,995,2,8
24325,Truck25389,988,2,8
24326,Truck25380,1043,2,8
24327,Truck25382,1033,2,8
24328,Truck25391,991,2,8
24329,Truck25388,1007,2,8
24330,Truck25390,997,2,8
24331,Truck25385,1023,2,8
24332,Truck25378,1064,2,8
24333,Truck25408,929,2,8
24334,Truck25395,996,2,8
24335,Truck25394,1009,2,8
24336,Truck25384,1070,2,8
24337,Truck25393,1028,2,8
24338,Truck25399,1012,2,8
24339,Truck25398,1021,2,8
24340,Truck25404,994,2,8
24341,Truck25412,955,2,8
24342,Truck25416,935,2,8
24343,Truck25406,1004,2,8
24344,Truck25407,999,2,8
24345,Truck25400,1046,2,8
24346,Truck25413,985,2,8
24347,Truck25401,1050,2,8
24348,Truck25402,1049,2,8
24349,Truck25392,1102,2,8
24350,Truck25405,1042,2,8
24351,Truck25396,1090,2,8
24352,Truck25409,1034,2,8
24353,Truck25425,955,2,8
24354,Truck25424,962,2,8
24355,Truck25397,1098,2,8
24356,Truck25423,972,2,8
24357,Truck25411,1036,2,8
24358,Truck25403,1084,2,8
24359,Truck25410,1050,2,8
24360,Truck25421,995,2,8
24361,Truck25414,1033,2,8
24362,Truck25427,970,2,8
24363,Truck25436,935,2,8
24364,Truck25415,1046,2,8
24365,Truck25417,1044,2,8
24366,Truck25438,947,2,8
24367,Truck25419,1043,2,8
24368,Truck25432,980,2,8
24369,Truck25434,978,2,8
24370,Truck25441,943,2,8
24371,Truck25418,1074,2,8
24372,Truck25430,1017,2,8
24373,Truck25420,1069,2,8
24374,Truck25422,1063,2,8
24375,Truck25437,1000,2,8
24376,Truck25426,1058,2,8
24377,Truck25428,1051,2,8
24378,Truck25439,996,2,8
24379,Truck25444,972,2,8
24380,Truck25435,1020,2,8
24381,Truck25431,1046,2,8
24382,Truck25429,1060,2,8
24383,Truck25446,975,2,8
24384,Truck25450,977,2,8
24385,Truck25449,988,2,8
24386,Truck25443,1037,2,8
24387,Truck25440,1060,2,8
24388,Truck25447,1025,2,8
24389,Truck25433,1113,2,8
24390,Truck25451,1040,2,8
24391,Truck25452,1036,2,8
24392,Truck25442,1092,2,8
24393,Truck25467,967,2,8
24394,Truck25459,1010,2,8
24395,Truck25462,1005,2,8
24396,Truck25457,1037,2,8
24397,Truck25448,1090,2,8
24398,Truck25445,1109,2,8
24399,Truck25466,1007,2,8
24400,Truck25455,1065,2,8
24401,Truck25458,1054,2,8
24402,Truck25468,1008,2,8
24403,Truck25472,990,2,8
24404,Truck25464,1039,2,8
24405,Truck25454,1090,2,8
24406,Truck25460,1066,2,8
24407,Truck25469,1022,2,8
24408,Truck25470,1018,2,8
24409,Truck25461,1072,2,8
24410,Truck25484,958,2,8
24411,Truck25474,1015,2,8
24412,Truck25463,1071,2,8
24413,Truck25465,1063,2,8
24414,Truck25487,962,2,8
24415,Truck25456,1118,2,8
24416,Truck25488,960,2,8
24417,Truck25453,1139,2,8
24418,Truck25478,1017,2,8
24419,Truck25473,1048,2,8
24420,Truck25481,1025,2,8
24421,Truck25476,1051,2,8
24422,Truck25480,1034,2,8
24423,Truck25471,1082,2,8
24424,Truck25491,985,2,8
24425,Truck25485,1020,2,8
24426,Truck25477,1061,2,8
24427,Truck25482,1037,2,8
24428,Truck25475,1075,2,8
24429,Truck25479,1055,2,8
24430,Truck25500,965,2,8
24431,Truck25489,1031,2,8
24432,Truck25506,966,2,8
24433,Truck25498,1009,2,8
24434,Truck25483,1088,2,8
24435,Truck25504,983,2,8
24436,Truck25514,936,2,8
24437,Truck25490,1059,2,8
24438,Truck25486,1091,2,8
24439,Truck25493,1056,2,8
24440,Truck25497,1042,2,8
24441,Truck25494,1063,2,8
24442,Truck25496,1054,2,8
24443,Truck25492,1078,2,8
24444,Truck25510,991,2,8
24445,Truck25521,940,2,8
24446,Truck25505,1022,2,8
24447,Truck25502,1043,2,8
24448,Truck25509,1013,2,8
24449,Truck25520,964,2,8
24450,Truck25515,997,2,8
24451,Truck25519,978,2,8
24452,Truck25495,1100,2,8
24453,Truck25513,1016,2,8
24454,Truck25527,946,2,8
24455,Truck25516,1011,2,8
24456,Truck25508,1055,2,8
24457,Truck25512,1035,2,8
24458,Truck25499,1102,2,8
24459,Truck25501,1093,2,8
24460,Truck25507,1065,2,8
24461,Truck25503,1088,2,8
24462,Truck25524,984,2,8
24463,Truck25528,972,2,8
24464,Truck25511,1058,2,8
24465,Truck25522,1008,2,8
24466,Truck25517,1036,2,8
24467,Truck25526,1030,2,8
24468,Truck25523,1051,2,8
24469,Truck25535,994,2,8
24470,Truck25538,979,2,8
24471,Truck25536,996,2,8
24472,Truck25518,1087,2,8
24473,Truck25531,1026,2,8
24474,Truck25540,985,2,8
24475,Truck25537,1005,2,8
24476,Truck25542,981,2,8
24477,Truck25525,1068,2,8
24478,Truck25529,1052,2,8
24479,Truck25530,1052,2,8
24480,Truck25532,1042,2,8
24481,Truck25534,1037,2,8
24482,Truck25539,1024,2,8
24483,Truck25545,1001,2,8
24484,Truck25533,1064,2,8
24485,Truck25541,1028,2,8
24486,Truck25544,1029,2,8
24487,Truck25553,994,2,8
24488,Truck25552,1005,2,8
24489,Truck25558,986,2,8
24490,Truck25548,1041,2,8
24491,Truck25555,1010,2,8
24492,Truck25546,1062,2,8
24493,Truck25557,1007,2,8
24494,Truck25549,1048,2,8
24495,Truck25543,1081,2,8
24496,Truck25551,1046,2,8
24497,Truck25547,1069,2,8
24498,Truck25562,994,2,8
24499,Truck25574,934,2,8
24500,Truck25572,952,2,8
24501,Truck25550,1063,2,8
24502,Truck25554,1045,2,8
24503,Truck25563,1002,2,8
24504,Truck25556,1042,2,8
24505,Truck25580,936,2,8
24506,Truck25565,1017,2,8
24507,Truck25573,978,2,8
24508,Truck25571,990,2,8
24509,Truck25570,997,2,8
24510,Truck25576,972,2,8
24511,Truck25560,1054,2,8
24512,Truck25564,1035,2,8
24513,Truck25577,972,2,8
24514,Truck25586,928,2,8
24515,Truck25575,992,2,8
24516,Truck25569,1042,2,8
24517,Truck25582,978,2,8
24518,Truck25559,1096,2,8
24519,Truck25561,1090,2,8
24520,Truck25566,1073,2,8
24521,Truck25578,1013,2,8
24522,Truck25589,974,2,8
24523,Truck25593,962,2,8
24524,Truck25591,978,2,8
24525,Truck25567,1099,2,8
24526,Truck25583,1027,2,8
24527,Truck25568,1112,2,8
24528,Truck25584,1038,2,8
24529,Truck25579,1068,2,8
24530,Truck25585,1038,2,8
24531,Truck25587,1029,2,8
24532,Truck25590,1016,2,8
24533,Truck25595,1010,2,8
24534,Truck25581,1083,2,8
24535,Truck25606,964,2,8
24536,Truck25607,979,2,8
24537,Truck25613,957,2,8
24538,Truck25588,1083,2,8
24539,Truck25594,1055,2,8
24540,Truck25600,1026,2,8
24541,Truck25592,1068,2,8
24542,Truck25596,1050,2,8
24543,Truck25611,979,2,8
24544,Truck25602,1031,2,8
24545,Truck25604,1021,2,8
24546,Truck25619,947,2,8
24547,Truck25631,888,2,8
24548,Truck25609,1000,2,8
24549,Truck25601,1041,2,8
24550,Truck25610,1002,2,8
24551,Truck25605,1034,2,8
24552,Truck25608,1021,2,8
24553,Truck25612,1027,2,8
24554,Truck25597,1111,2,8
24555,Truck25616,1019,2,8
24556,Truck25598,1110,2,8
24557,Truck25599,1105,2,8
24558,Truck25603,1089,2,8
24559,Truck25620,1004,2,8
24560,Truck25623,990,2,8
24561,Truck25626,984,2,8
24562,Truck25617,1030,2,8
24563,Truck25625,996,2,8
24564,Truck25615,1052,2,8
24565,Truck25614,1065,2,8
24566,Truck25646,912,2,8
24567,Truck25629,999,2,8
24568,Truck25630,997,2,8
24569,Truck25618,1059,2,8
24570,Truck25624,1035,2,8
24571,Truck25632,996,2,8
24572,Truck25621,1057,2,8
24573,Truck25628,1039,2,8
24574,Truck25622,1089,2,8
24575,Truck25633,1034,2,8
24576,Truck25637,1017,2,8
24577,Truck25627,1072,2,8
24578,Truck25638,1020,2,8
24579,Truck25640,1017,2,8
24580,Truck25643,1007,2,8
24581,Truck25649,978,2,8
24582,Truck25634,1057,2,8
24583,Truck25635,1056,2,8
24584,Truck25644,1013,2,8
24585,Truck25639,1040,2,8
24586,Truck25645,1012,2,8
24587,Truck25651,982,2,8
24588,Truck25636,1061,2,8
24589,Truck25642,1033,2,8
24590,Truck25647,1033,2,8
24591,Truck25655,994,2,8
24592,Truck25658,989,2,8
24593,Truck25641,1084,2,8
24594,Truck25660,991,2,8
24595,Truck25662,1002,2,8
24596,Truck25666,987,2,8
24597,Truck25652,1058,2,8
24598,Truck25650,1074,2,8
24599,Truck25653,1068,2,8
24600,Truck25661,1037,2,8
24601,Truck25659,1048,2,8
24602,Truck25657,1080,2,8
24603,Truck25672,1010,2,8
24604,Truck25648,1141,2,8
24605,Truck25682,980,2,8
24606,Truck25664,1071,2,8
24607,Truck25663,1081,2,8
24608,Truck25667,1063,2,8
24609,Truck25654,1129,2,8
24610,Truck25668,1059,2,8
24611,Truck25671,1045,2,8
24612,Truck25669,1057,2,8
24613,Truck25675,1027,2,8
24614,Truck25656,1126,2,8
24615,Truck25676,1026,2,8
24616,Truck25677,1021,2,8
24617,Truck25665,1086,2,8
24618,Truck25674,1041,2,8
24619,Truck25679,1018,2,8
24620,Truck25686,996,2,8
24621,Truck25670,1084,2,8
24622,Truck25688,998,2,8
24623,Truck25678,1056,2,8
24624,Truck25680,1051,2,8
24625,Truck25673,1088,2,8
24626,Truck25685,1035,2,8
24627,Truck25684,1041,2,8
24628,Truck25681,1058,2,8
24629,Truck25692,1005,2,8
24630,Truck25690,1025,2,8
24631,Truck25698,986,2,8
24632,Truck25683,1065,2,8
24633,Truck25687,1051,2,8
24634,Truck25700,987,2,8
24635,Truck25691,1033,2,8
24636,Truck25699,996,2,8
24637,Truck25697,1024,2,8
24638,Truck25712,949,2,8
24639,Truck25689,1070,2,8
24640,Truck25702,1005,2,8
24641,Truck25693,1056,2,8
24642,Truck25696,1042,2,8
24643,Truck25707,992,2,8
24644,Truck25710,977,2,8
24645,Truck25709,992,2,8
24646,Truck25713,985,2,8
24647,Truck25717,971,2,8
24648,Truck25694,1096,2,8
24649,Truck25718,980,2,8
24650,Truck25695,1096,2,8
24651,Truck25704,1063,2,8
24652,Truck25714,1014,2,8
24653,Truck25721,979,2,8
24654,Truck25703,1071,2,8
24655,Truck25706,1061,2,8
24656,Truck25711,1036,2,8
24657,Truck25701,1088,2,8
24658,Truck25705,1068,2,8
