id,road,LRPName,length,chainage,lon,lat,model_type,name,condition
0,N1,LRPS,814.0,0.0,90.443333,23.7060278,source,Start of Road  after Jatrabari Flyover infront of filling station.,
1,N1,LRPSa,8.0,814.0,90.4504167,23.7029167,bridge,Box Culvert,B
2,N1,LRPSb,178.0,822.0,90.4504722,23.7027778,link,Intersection with Z1101,
3,N1,LRP001,1000.0,1000.0,90.4519722,23.7021389,link,Km post missing,
4,N1,LRP002,130.0,2000.0,90.4605833,23.6978886,link,Km post missing,
5,N1,LRP002a,870.0,2130.0,90.4616667,23.6973608,bridge,Box culvert,B
6,N1,LRP003,1000.0,3000.0,90.4691382,23.693833,link,Km post missing,
7,N1,LRP004,175.0,4000.0,90.4787771,23.6936108,link,Km post missing,
8,N1,LRP004a,825.0,4175.0,90.4805271,23.6938052,link,Road to Narayanganj(R111),
9,N1,LRP005,1000.0,5000.0,90.4884997,23.6947497,link,Km post missing,
10,N1,LRP006,1000.0,6000.0,90.4981941,23.6959163,link,Km post missing,
11,N1,LRP007,181.0,7000.0,90.50775,23.697333,link,Km post missing,
12,N1,LRP007a,819.0,7181.0,90.5092778,23.6979163,link,"R110,Left to Demra, Right to Narayanganj",
13,N1,LRP008,10.99999999999909,8000.0,90.5157222,23.7020556,link,Km post missing,
14,N1,LRP008a,492.0000000000009,8010.999999999999,90.5157778,23.7021111,bridge,Kachpur bridge,B
15,N1,LRP009,260.0,8503.0,90.5193327,23.7050278,link,"Chittagong 251 km,Comilla 84 km",
16,N1,LRP009a,740.0,8763.0,90.5215271,23.7060833,link,Road to Sylhet (N2),
17,N1,LRP010,112.0,9503.0,90.5273882,23.7025278,link,Km post missing,
18,N1,LRP010a,8.0,9615.0,90.5281938,23.7015278,bridge,Box culvert,B
19,N1,LRP010b,6.3,9963.0,90.5307216,23.6998608,bridge,Box culvert,A
20,N1,LRP010c,6.3,10377.0,90.5337774,23.6974163,bridge,Box culvert,A
21,N1,LRP011,382.0,10503.0,90.5348052,23.6966386,link,Km post missing,
22,N1,LRP011a,8.3,10885.0,90.5376108,23.6943608,bridge,Box culvert,A
23,N1,LRP011b,184.0,11313.0,90.5410552,23.6922774,bridge,Box culvert,B
24,N1,LRP012,248.0,11497.0,90.5426108,23.6918052,link,"Chittagong 248 km,Comilla 81 km",
25,N1,LRP012a,9.3,11745.0,90.5448886,23.6911108,bridge,Bridge start,A
26,N1,LRP012c,588.0,11936.0,90.546583,23.6904163,link,Right to Syedpur (R113) left to Joydebpur N105),
27,N1,LRP013,148.0,12524.0,90.5504167,23.6865274,link,"Ctg 247 km,Comilla 80 km",
28,N1,LRP013a,27.5,12672.0,90.5512778,23.6854997,bridge,Box culvert,A
29,N1,LRP014,1000.0,13524.0,90.5556111,23.678166,link,Km post missing,
30,N1,LRP015,39.0,14524.0,90.5597778,23.670916,link,Km post missing,
31,N1,LRP015a,961.0,14563.0,90.5599722,23.6705827,bridge,Box culvert,B
32,N1,LRP016,411.0,15524.0,90.5641111,23.6628333,link,Km post missing,
33,N1,LRP016a,5.55,15935.0,90.5671104,23.6604167,link,Road to MinanbariZ1061),B
34,N1,LRP016b,282.0,16242.0,90.5697216,23.6591111,bridge,Langalbandhu bridge,B
35,N1,LRP017,307.0,16524.0,90.5719716,23.6575,link,Km post missing,
36,N1,LRP017a,373.0,16831.0,90.5743327,23.6559722,bridge,Bridge start,B
37,N1,LRP017c,320.0,17204.0,90.5772771,23.6540556,bridge,Bridge start,B
38,N1,LRP018,339.0,17524.0,90.5798882,23.6525278,link,Km post missing,
39,N1,LRP018a,20.5,17863.0,90.5826382,23.6508889,bridge,Bridge start,A
40,N1,LRP019,354.0,18524.0,90.588083,23.6476108,link,Km post missing,
41,N1,LRP019a,40.5,18878.0,90.5899163,23.6449441,bridge,Box culvert,C
42,N1,LRP019b,40.33,19521.0,90.5926941,23.6397497,bridge,Box culvert,B
43,N1,LRP020,520.0,19524.0,90.5927219,23.6396941,link,Km post missing,
44,N1,LRP020a,6.0,20044.0,90.5948052,23.6358608,link,Left to Sonargaon (Z1089) Right to Morgrapara ( Z1066),A
45,N1,LRP020b,10.4,20342.0,90.5970274,23.6341108,bridge,Bridge start,B
46,N1,LRP021,975.0,20524.0,90.5982774,23.6330549,link,Km post missing,
47,N1,LRP021a,130.0,21499.0,90.6042222,23.6262771,bridge,Box culvert,B
48,N1,LRP022,136.0,21629.0,90.6049722,23.6252216,link,"Ctg 238 km,Comilla 71 km",
49,N1,LRP022a,5.5,21765.0,90.6055278,23.6242216,bridge,Bridge start,B
50,N1,LRP022c,377.0,22252.0,90.6079722,23.6204716,bridge,Bridge start,B
51,N1,LRP023,935.0,22629.0,90.6096944,23.6173604,link,Km post missing,
52,N1,LRP023a,224.8,23564.0,90.6121944,23.6095556,bridge,Meghna  bridge,A
53,N1,LRP024,874.0,23629.0,90.6124722,23.609,link,Km post missing,
54,N1,LRP024a,924.85,24503.0,90.6159722,23.6018611,bridge,Bridge end,A
55,N1,LRP025,1000.0,24629.0,90.6165556,23.6009444,link,Km post missing,
56,N1,LRP026,10.0,25629.0,90.624666,23.5959997,link,Km post missing,
57,N1,LRP026a,5.6,25639.0,90.6246938,23.5959441,bridge,Box culvert,A
58,N1,LRP026b,5.5,26313.0,90.6293327,23.5917497,bridge,Box culvert,A
59,N1,LRP027,874.0,26629.0,90.6313882,23.5896108,link,Km post missing,
60,N1,LRP027a,5.6,27503.0,90.6369441,23.5837497,bridge,Bridge start,A
61,N1,LRP028,39.0,27629.0,90.6378886,23.5828327,link,Km post missing,
62,N1,LRP028a,173.25,27668.0,90.6381386,23.5825827,bridge,Bridge end,A
63,N1,LRP028c,396.0,28363.0,90.6421108,23.5776104,bridge,Bridge end,B
64,N1,LRP029,308.0,28759.0,90.6436941,23.5745271,link,Information missing,
65,N1,LRP029a,29.85,29067.0,90.6451108,23.572166,bridge,Bridge start,A
66,N1,LRP030,368.0,29759.0,90.6481663,23.5666111,link,Km post missing,
67,N1,LRP030a,34.7,30127.0,90.6501944,23.5639167,bridge,Bridge start,A
68,N1,LRP030c,77.0,30697.0,90.6542222,23.5604167,bridge,Bridge start,B
69,N1,LRP031,162.0,30774.0,90.6548056,23.5599722,link,"Ctg 229 km,Comilla 62 km",
70,N1,LRP031a,27.4,30936.0,90.6559444,23.5590278,link,Road to Gazara (Z1063),A
71,N1,LRP031b,435.0,31348.0,90.6588611,23.5564444,bridge,Bridge start,B
72,N1,LRP032,242.0,31783.0,90.6619722,23.5538056,link,"Ctg 228 km,Comilla 61 km",
73,N1,LRP032a,29.85,32025.0,90.6636667,23.5523333,bridge,Box culvert,A
74,N1,LRP033,224.0,32607.0,90.6678327,23.5487497,link,"Ctg 227 km,Comilla 60 km",
75,N1,LRP033a,9.1,32831.0,90.6694438,23.5474163,bridge,Bridge start,A
76,N1,LRP033c,256.0,33351.0,90.6731104,23.5442219,bridge,Box culvert,B
77,N1,LRP034,1000.0,33607.0,90.6749438,23.542583,link,Km post missing,
78,N1,LRP035,34.0,34607.0,90.681916,23.5362497,link,Km post missing,
79,N1,LRP035a,9.5,34641.0,90.6821382,23.536083,bridge,Bridge start,A
80,N1,LRP035c,651.0,34956.0,90.6843052,23.5341386,bridge,Box culvert,B
81,N1,LRP036,664.0,35607.0,90.688833,23.5301938,link,Km post missing,
82,N1,LRP036a,25.45,36271.0,90.6952219,23.529916,bridge,Daudkandi bridge,A
83,N1,LRP037,1000.0,36607.0,90.6984997,23.5301382,link,Km post missing,
84,N1,LRP038,78.0,37607.0,90.7082778,23.5307493,link,Km post missing,
85,N1,LRP038a,355.0,37685.0,90.7090278,23.5307771,bridge,Daudkandi bridge,B
86,N1,LRP038b,426.0,38040.0,90.7153611,23.5313882,link,Start of Comilla road Division / Start of Comilla road Division,
87,N1,LRP038c,77.0,38466.0,90.7172216,23.5314716,link,Road to Matlab (Z1062),
88,N1,LRP038d,64.0,38543.0,90.7173604,23.5315271,bridge,Bridge start,B
89,N1,LRP039,513.0,38607.0,90.7180271,23.5317216,link,Km post missing,
90,N1,LRP039a,487.0,39120.0,90.7226298386,23.5322346,bridge,Box culvert,B
91,N1,LRP040,1000.0,39607.0,90.7269993,23.5327216,link,Km post missing,
92,N1,LRP041,654.0,40607.0,90.7356108,23.528916,link,Km post missing,
93,N1,LRP042,967.0,41261.0,90.7419441,23.5289993,link,Ctg 214 km,
94,N1,LRP042a,41.0,42228.0,90.7514167,23.5293882,bridge,Bridge start,B
95,N1,LRP043,1000.0,42269.0,90.75175,23.529416,link,Km post broken,
96,N1,LRP044,1000.0,43269.0,90.7615,23.5299993,link,Km post Missing,
97,N1,LRP045,185.0,44269.0,90.7713049,23.5304438,link,Km post Missing,
98,N1,LRP045a,815.0,44454.0,90.7731104,23.5304993,bridge,Box culvert,B
99,N1,LRP046,53.0,45269.0,90.7811104,23.5308049,link,Km post Missing,
100,N1,LRP046a,3.9,45322.0,90.7816104,23.5307493,link,"Z1402, road to Pennai",C
101,N1,LRP046b,773.0,45388.0,90.7821938,23.530666,link,"Z1053, Road to Homna",
102,N1,LRP046c,108.0,46161.0,90.7895552,23.5312216,bridge,Box culvert,B
103,N1,LRP047,955.0,46269.0,90.7907219,23.531166,link,Km post Missing,
104,N1,LRP047a,6.5,47224.0,90.7924441,23.5306938,link,Z1044,C
105,N1,LRP048,403.0,47269.0,90.8002222,23.5308604,link,Km post Missing,
106,N1,LRP048a,597.0,47672.0,90.8041389,23.5308882,bridge,Bridge start,B
107,N1,LRP049,1000.0,48269.0,90.8099167,23.5316382,link,Km post Missing,
108,N1,LRP050,594.0,49269.0,90.8194716,23.5332493,link,Km post Missing,
109,N1,LRP050a,406.0,49863.0,90.8249716,23.5346663,bridge,Bridge start,B
110,N1,LRP051,1000.0,50269.0,90.8287216,23.5344997,link,Km post Missing,
111,N1,LRP052,367.0,51269.0,90.8365274,23.5292216,link,Km post Missing,
112,N1,LRP052a,633.0,51636.0,90.8391386,23.5270549,bridge,Box culvert,B
113,N1,LRP053,1000.0,52269.0,90.8438886,23.523166,link,Km post Missing,
114,N1,LRP054,1000.0,53269.0,90.8513889,23.5174993,link,Km post Missing,
115,N1,LRP055,1000.0,54269.0,90.8607778,23.5170827,link,Km post Missing,
116,N1,LRP056,64.0,55269.0,90.8697771,23.5135833,link,Km post Missing,
117,N1,LRP056a,28.9,55333.0,90.8703049,23.5133056,bridge,Bridge start,C
118,N1,LRP056c,792.0,55477.0,90.871416,23.5126667,link,"Z1042, road to Bancharampur",
119,N1,LRP057,1000.0,56269.0,90.8778604,23.5088056,link,Km post Missing,
120,N1,LRP058,922.0,57269.0,90.8869163,23.506,link,Km post Missing,
121,N1,LRP058a,78.0,58191.0,90.8958886,23.5056111,bridge,Box culvert,B
122,N1,LRP059,1000.0,58269.0,90.8966108,23.5056389,link,Km post Missing,
123,N1,LRP060,911.0,59269.0,90.9063889,23.5062778,link,Km post Missing,
124,N1,LRP060a,89.0,60180.0,90.91525,23.50575,bridge,Box culvert,B
125,N1,LRP061,1000.0,60269.0,90.9160278,23.5057222,link,Km post Missing,
126,N1,LRP062,1000.0,61269.0,90.9257216,23.5055278,link,Km post Missing,
127,N1,LRP063,9.0,62269.0,90.9354163,23.5042778,link,Km post Missing,
128,N1,LRP063a,264.0,62278.0,90.9354719,23.5043333,link,"Z1017, Road to Companiganj",
129,N1,LRP063b,352.0,62542.0,90.9371386,23.5038611,bridge,Box culvert,B
130,N1,LRP063c,375.0,62894.0,90.9412774,23.5028611,bridge,Box culvert,B
131,N1,LRP064,1000.0000000000073,63269.0,90.9448886,23.5020278,link,Km post Missing,
132,N1,LRP065,1000.0,64269.00000000001,90.9541667,23.4995274,link,Km post Missing,
133,N1,LRP066,273.9999999999927,65269.00000000001,90.9651111,23.4986386,link,Km post Missing,
134,N1,LRP066a,183.0,65543.0,90.9660278,23.4980552,bridge,Box culvert,B
135,N1,LRP067,1000.0,65726.0,90.9674716,23.4972774,link,Ctg 191 km,
136,N1,LRP068,694.0,66726.0,90.9765549,23.4942219,link,Km post Missing,
137,N1,LRP068a,4.5,67420.0,90.9829993,23.4951386,bridge,Box culvert,A
138,N1,LRP069,1000.0,67726.0,90.985833,23.4942497,link,Km post Missing,
139,N1,LRP070,890.0,68726.0,90.9950274,23.4911386,link,Km post Missing,
140,N1,LRP070a,22.0,69616.0,91.0033056,23.4894441,link,Road to Debiduar (Z1008),
141,N1,LRP070b,71.0,69638.0,91.0034722,23.4893886,link,Road to Jhalam (Z1022),
142,N1,LRP071,734.0,69709.0,91.0043056,23.4896108,link,Ctg 188 km,
143,N1,LRP072,84.0,70443.0,91.0112778,23.4893052,link,"Ctg 188 km,Comilla 20 km",
144,N1,LRP072a,23.1,70527.0,91.0120278,23.4890552,bridge,Bridge start,C
145,N1,LRP073,1020.0,70755.0,91.0140833,23.488333,link,Ctg 187 km,
146,N1,LRP074,1000.0,71775.0,91.0229438,23.4846386,link,Km post missing,
147,N1,LRP075,913.0,72775.0,91.0321382,23.4827771,link,Km post missing,
148,N1,LRP075a,4.6,73688.0,91.0404441,23.481166,bridge,Box culvert,B
149,N1,LRP076,871.0,73829.0,91.0419719,23.4814716,link,Ctg 184 km,
150,N1,LRP076a,4.6,74700.0,91.0504167,23.4820827,bridge,Box culvert,B
151,N1,LRP077,760.0,74829.0,91.0516944,23.4821382,link,Km post missing,
152,N1,LRP077a,1.5,75589.0,91.0590278,23.4815271,link,Road to Khangsanagar (Z1219) left road to Barua Z1028 right,A
153,N1,LRP078,1000.0,75829.0,91.0613611,23.4815549,link,Km post missing,
154,N1,LRP079,944.0,76829.0,91.0706382,23.4801104,link,Km post missing,
155,N1,LRP079a,1.0,77773.0,91.0789993,23.4770827,bridge,Box culvert,C
156,N1,LRP080,1000.0,77829.0,91.0794716,23.4770271,link,Km post missing,
157,N1,LRP081,1000.0,78829.0,91.0889997,23.4781938,link,Km post missing,
158,N1,LRP082,513.0,79829.0,91.0986663,23.4775549,link,Km post missing,
159,N1,LRP082a,487.0,80342.0,91.1036111,23.4778604,bridge,Box culvert,B
160,N1,LRP083,972.0,80829.0,91.1055278,23.4779993,link,Km post missing,
161,N1,LRP083a,1.4,81801.0,91.1177216,23.4789438,bridge,Box culvert,A
162,N1,LRP084,17.0,81829.0,91.1179993,23.4789716,link,Km post missing,
163,N1,LRP084a,547.0,81846.0,91.118166,23.4789716,link,Road to Brahmanbaria(N102),
164,N1,LRP084b,436.0,82393.0,91.1234716,23.4793327,bridge,Box culvert,B
165,N1,LRP085,1000.0,82829.0,91.1276382,23.4800827,link,Km post missing,
166,N1,LRP086,1000.0,83829.0,91.1364441,23.4767216,link,Km post missing,
167,N1,LRP087,1000.0,84829.0,91.1394441,23.4682216,link,Km post missing,
168,N1,LRP088,68.0,85829.0,91.1421386,23.4595833,link,Km post missing,
169,N1,LRP088a,23.4,85897.0,91.142333,23.459,link,Cross road Z1029,A
170,N1,LRP089,303.0,86829.0,91.1460552,23.4513056,link,Km post missing,
171,N1,LRP089a,234.0,87132.0,91.1471386,23.448833,bridge,Bridge start,B
172,N1,LRP089c,463.0,87366.0,91.1481386,23.4469441,link,Cross Road with Z1052,
173,N1,LRP090,684.0,87829.0,91.1497774,23.4425274,link,Km post missing,
174,N1,LRP091,1000.0,88513.0,91.1521944,23.4373886,link,Ctg 170 km,
175,N1,LRP092,980.0,89513.0,91.1553889,23.4288882,link,Km post missing,
176,N1,LRP093,28.0,90493.0,91.1626944,23.4236938,link,Ctg 168 km,
177,N1,LRP093a,545.0,90521.0,91.1629722,23.4235827,bridge,Bridge start,B
178,N1,LRP093c,427.0,91066.0,91.167666,23.4213604,link,Rail Road Crossing,
179,N1,LRP094,90.0,91493.0,91.171416,23.4195271,link,Km post missing,
180,N1,LRP094a,27.35,91583.0,91.1721938,23.4191382,link,Left to Comilla Right to Noakhali,C
181,N1,LRP095,511.0,92121.0,91.1801382,23.4149444,link,"Ctg 66 km,Feni 52 km",
182,N1,LRP095a,489.0,92632.0,91.1846663,23.4131111,bridge,Bridge start,B
183,N1,LRP096,1008.0,93121.0,91.1893886,23.4125,link,Km post missing,
184,N1,LRP097,1027.0,94129.0,91.1988886,23.4113056,link,Ctg 164 km,
185,N1,LRP098,37.0,95156.0,91.2087778,23.4100833,link,Ctg 163 km,
186,N1,LRP098a,27.9,95193.0,91.2090833,23.4100278,bridge,Box culvert,A
187,N1,LRP099,172.0,96173.0,91.2165278,23.4048056,link,Ctg 162 km,
188,N1,LRP099a,828.0,96345.0,91.2176382,23.40375,bridge,Bridge start,B
189,N1,LRP100,1000.0,97173.0,91.22288776581436,23.398213447804338,link,Km post missing,
190,N1,LRP101,10.0,98173.0,91.2292493,23.3915274,link,Km post missing,
191,N1,LRP101a,30.48,98183.0,91.2293049,23.3914441,bridge,Box culvert,A
192,N1,LRP101b,15.0,99075.0,91.2345552,23.385083,bridge,Box culvert,B
193,N1,LRP101c,83.0,99090.0,91.2346108,23.3849719,bridge,Box culvert,B
194,N1,LRP102,898.0,99173.0,91.2351108,23.3843886,link,Km post missing,
195,N1,LRP102a,102.0,100071.0,91.2403608,23.3779716,bridge,Bridge start,B
196,N1,LRP103,1000.0,100173.0,91.2409163,23.377166,link,Km post missing,
197,N1,LRP104,171.0,101173.0,91.2462774,23.3695827,link,Km post missing,
198,N1,LRP104a,22.8,101344.0,91.2471108,23.3683327,bridge,Box culvert,C
199,N1,LRP105,366.0,102248.0,91.2515556,23.3615278,link,"Ctg 156 km,Feni 43 km",
200,N1,LRP105a,14.3,102614.0,91.25325,23.3586389,bridge,Bridge start,A
201,N1,LRP106,687.0,103248.0,91.2561389,23.3536944,link,Km post missing,
202,N1,LRP106a,313.0,103935.0,91.2599444,23.3486386,bridge,Box culvert,B
203,N1,LRP107,1000.0,104248.0,91.2616944,23.3463608,link,Km post missing,
204,N1,LRP108,444.0,105248.0,91.2672216,23.3390552,link,Km post missing,
205,N1,LRP108a,187.0,105692.0,91.2700549,23.3360274,bridge,Bridge start,B
206,N1,LRP108c,369.0,105879.0,91.271166,23.3347219,link,Road to Harishchar (Z1046),
207,N1,LRP109,1000.0,106248.0,91.2734716,23.3321938,link,Km post missing,
208,N1,LRP110,73.0,107248.0,91.278666,23.3246382,link,Km post missing,
209,N1,LRP110a,19.2,107321.0,91.2791104,23.324166,bridge,Bridge start,B
210,N1,LRP111,270.0,108248.0,91.2836941,23.3171382,link,Km post missing,
211,N1,LRP111a,3.2,108518.0,91.2844719,23.3149444,bridge,Bridge start,A
212,N1,LRP111c,113.0,109135.0,91.2861386,23.3096389,bridge,Box culvert,B
213,N1,LRP112,547.0,109248.0,91.2864163,23.3086944,link,Km post missing,
214,N1,LRP112a,13.4,109795.0,91.288583,23.30425,bridge,Box culvert,A
215,N1,LRP113,519.0,110248.0,91.290333,23.3006111,link,Km post missing,
216,N1,LRP113a,4.6,110767.0,91.2914997,23.296083,bridge,Bridge start,B
217,N1,LRP114,502.0,111248.0,91.2922219,23.2919163,link,Km post missing,
218,N1,LRP114a,6.3,111750.0,91.2936386,23.2876663,bridge,Box culvert,B
219,N1,LRP115,774.0,112248.0,91.2952219,23.283583,link,Km post missing,
220,N1,LRP115a,226.0,113022.0,91.3002778,23.2787216,bridge,Box culvert,B
221,N1,LRP116,1000.0,113248.0,91.3011944,23.2768882,link,Km post missing,
222,N1,LRP117,116.0,114248.0,91.3049722,23.2686382,link,Km post missing,
223,N1,LRP117a,4.5,114364.0,91.3054722,23.2677493,bridge,Box culvert,B
224,N1,LRP117b,203.0,114641.0,91.3064444,23.2654444,bridge,Box culvert,B
225,N1,LRP117c,404.0,114844.0,91.30675,23.2636667,bridge,Box culvert,B
226,N1,LRP118,156.0,115248.0,91.3072778,23.2601111,link,Km post missing,
227,N1,LRP118a,2.5,115404.0,91.3074444,23.2587222,bridge,Box culvert,B
228,N1,LRP119,174.0,116248.0,91.3086389,23.2511944,link,Km post missing,
229,N1,LRP119a,2.5,116422.0,91.3091944,23.249833,bridge,Box culvert,A
230,N1,LRP119b,3.1,116608.0,91.3098056,23.248333,bridge,Bridge start,B
231,N1,LRP119d,270.0,116978.0,91.3110556,23.2452774,bridge,Box culvert,B
232,N1,LRP120,163.0,117248.0,91.3119167,23.243083,link,Km post missing,
233,N1,LRP120a,2.6,117411.0,91.3123611,23.2416941,bridge,Box culvert,B
234,N1,LRP120b,6.0,118228.0,91.3131667,23.2344997,bridge,Box culvert,A
235,N1,LRP121,315.0,118248.0,91.3131667,23.2343052,link,Km post missing,
236,N1,LRP121a,448.0,118563.0,91.3132222,23.2314993,bridge,Box culvert,B
237,N1,LRP121b,14.3,119011.0,91.3135278,23.2275549,bridge,Box culvert,B
238,N1,LRP122,450.0,119248.0,91.3135833,23.2253882,link,Km post missing,
239,N1,LRP122a,6.1,119698.0,91.3137222,23.221416,link,Road to Bangadda (Z1045),A
240,N1,LRP122b,222.0,120026.0,91.3143889,23.2184993,bridge,Box culvert,B
241,N1,LRP123,718.0,120248.0,91.3149167,23.2165556,link,Km post missing,
242,N1,LRP123a,6.1,120966.0,91.3157222,23.2103056,bridge,Box culvert,A
243,N1,LRP124,771.0,121248.0,91.3159722,23.2078889,link,Km post missing,
244,N1,LRP124a,6.1,122019.0,91.3168049,23.201,bridge,Box culvert,C
245,N1,LRP125,865.0,122248.0,91.3170549,23.1990274,link,Km post missing,
246,N1,LRP125a,9.5,123113.0,91.3185549,23.1921108,bridge,Box culvert,B
247,N1,LRP126,523.0,123248.0,91.3192493,23.1909997,link,Km post missing,
248,N1,LRP126a,3.1,123771.0,91.3212493,23.1866941,bridge,Bridge start,B
249,N1,LRP127,614.0,124248.0,91.3210827,23.1826382,link,Km post missing,
250,N1,LRP127a,9.5,124862.0,91.3198049,23.1773604,bridge,Box culvert,A
251,N1,LRP128,546.0,125377.0,91.3205271,23.172916,link,Ctg 133 km,
252,N1,LRP128a,6.3,125923.0,91.3213604,23.1681382,bridge,Bridge start,B
253,N1,LRP129,792.0,126377.0,91.3214993,23.1641389,link,Km post missing,
254,N1,LRP129a,3.5,127169.0,91.3224993,23.1571667,bridge,Box culvert,B
255,N1,LRP130,631.9999999999854,127377.0,91.3232771,23.1554167,link,Km post missing,
256,N1,LRP130a,6.1,128008.99999999999,91.3254993,23.1496941,link,Road to Nangolhat (Z1048),B
257,N1,LRP130b,99.0000000000291,128277.99999999999,91.3264993,23.1480274,bridge,Box culvert,B
258,N1,LRP131,420.99999999998545,128377.00000000001,91.3266938,23.1471663,link,Km post missing,
259,N1,LRP131a,3.0,128798.0,91.326666,23.1433886,bridge,Box culvert,B
260,N1,LRP132,102.0,129377.00000000001,91.3263049,23.1382219,link,Km post missing,
261,N1,LRP132a,4.5,129479.00000000001,91.3264716,23.1374163,bridge,Box culvert,B
262,N1,LRP133,69.99999999998545,130377.00000000001,91.3284993,23.1295827,link,Km post missing,
263,N1,LRP133a,5.3,130447.0,91.3287216,23.1290827,bridge,Box culvert,B
264,N1,LRP133b,255.0,131122.0,91.3311382,23.1234993,bridge,Box culvert,B
265,N1,LRP134,248.0,131377.0,91.3320549,23.1213327,link,Km post missing,
266,N1,LRP134a,6.1,131625.0,91.3329993,23.1193049,bridge,Box culvert,A
267,N1,LRP135,1000.0,131653.0,91.3330827,23.1191382,link,"Ctg 127 km,Feni 16 km",
268,N1,LRP136,75.0,132653.0,91.3378052,23.1113611,link,Km post missing,
269,N1,LRP136a,3.1,132728.0,91.3381386,23.1108056,bridge,Box culvert,A
270,N1,LRP136b,205.0,133448.0,91.3413608,23.1051111,bridge,Box culvert,B
271,N1,LRP137,368.0,133653.0,91.3422497,23.1035,link,Km post missing,
272,N1,LRP137a,3.5,134021.0,91.3437774,23.1005833,bridge,Box culvert,A
273,N1,LRP137b,14.2,134571.0,91.3461108,23.0961941,bridge,Box culvert,B
274,N1,LRP138,688.0,134653.0,91.3464441,23.095583,link,Km post missing,
275,N1,LRP138a,6.1,135341.0,91.3494163,23.0901108,bridge,Box culvert,B
276,N1,LRP139,345.0,135653.0,91.3508889,23.0876108,link,Km post missing,
277,N1,LRP139a,527.0,135998.0,91.3524722,23.0849719,bridge,Box culvertt,B
278,N1,LRP139b,210.0,136525.0,91.3548611,23.0808049,bridge,Bridge start,B
279,N1,LRP140,766.0,136735.0,91.3558333,23.0792493,link,Ctg 122 km,
280,N1,LRP140a,4.0,137501.0,91.3594167,23.0732493,bridge,Box culvert,B
281,N1,LRP141,275.0,137735.0,91.3599722,23.0712493,link,Km post missing,
282,N1,LRP141a,611.0,138010.0,91.3607222,23.0688604,link,Start of Feni road Division / Start of Feni road Division,
283,N1,LRP141b,18.0,138621.0,91.3616389,23.0636944,bridge,Box Culvert,B
284,N1,LRP142,230.0,138639.0,91.3616389,23.0635278,link,Ctg 103 km,
285,N1,LRP142a,10.8,138869.0,91.3616667,23.0614722,link,Road to Karerhat (Z1031),A
286,N1,LRP143,500.0,139751.0,91.3637222,23.0538611,link,Ctg 102 km,
287,N1,LRP143a,1.6,140251.0,91.3651389,23.0479441,link,Z1031,A
288,N1,LRP144,196.0,140772.0,91.3653611,23.0449719,link,Ctg 101 km,
289,N1,LRP144a,336.0,140968.0,91.3654444,23.0427774,bridge,Box culvert,B
290,N1,LRP144b,468.0,141304.0,91.3656111,23.0398052,link,Rail Road Crossing,
291,N1,LRP145,735.0,141772.0,91.36575,23.0360274,link,Km post missing,
292,N1,LRP145a,3.4,142507.0,91.3656389,23.029416,bridge,Box culvert,A
293,N1,LRP146,240.0,142794.0,91.3655,23.0269716,link,"Ctg 99 km,Feni 3 km",
294,N1,LRP146a,761.0,143034.0,91.3655278,23.0248327,link,Road to Biroli (Z1030),
295,N1,LRP147,151.0,143795.0,91.3697771,23.0193604,link,"Ctg 98 km,Feni 2 km",
296,N1,LRP147a,724.0,143946.0,91.3708327,23.0185271,bridge,Box culvert,B
297,N1,LRP147b,125.0,144670.0,91.3759716,23.0140833,bridge,Box culvert,B
298,N1,LRP148,614.0,144795.0,91.3769438,23.0132778,link,Km post missing,
299,N1,LRP148a,1.5,145409.0,91.3813604,23.0095556,link,Intersection with N104 / Km post missing,A
300,N1,LRP150,1000.0,146816.0,91.3920552,23.0018889,link,Ctg 95 km,
301,N1,LRP151,85.0,147816.0,91.3998052,22.9963886,link,Km post missing,
302,N1,LRP151a,940.0,147901.0,91.4005,22.9961941,bridge,Bridge start,B
303,N1,LRP152,448.0,148841.0,91.4072222,22.9906941,link,"Ctg 93 km,Lalpole 1 km",
304,N1,LRP152a,296.0,149289.0,91.41,22.9877774,link,Road to Feni Town (Z1034),
305,N1,LRP152b,256.0,149585.0,91.4120556,22.9858886,link,Road to Sonagazi (Z1034),
306,N1,LRP153,1051.0,149841.0,91.4137222,22.9842219,link,Ctg 91 km,
307,N1,LRP154,1000.0,150892.0,91.4205827,22.9774438,link,Ctg 91 km,
308,N1,LRP155,1000.0,151892.0,91.4273882,22.9711382,link,Km post missing,
309,N1,LRP156,780.0,152892.0,91.4356108,22.9663333,link,Km post missing,
310,N1,LRP156a,220.0,153672.0,91.4416941,22.9624167,bridge,Bridge start,B
311,N1,LRP157,1043.0,153892.0,91.4433886,22.9611667,link,Km post missing,
312,N1,LRP158,1000.0,154935.0,91.4517778,22.9561389,link,Ctg 87 km,
313,N1,LRP159,1012.0,155935.0,91.4600278,22.9514444,link,Km post missing,
314,N1,LRP160,738.0,156947.0,91.4689993,22.9479997,link,"Ctg 85 km,Bairyahat 10 km",
315,N1,LRP160a,262.0,157685.0,91.4761382,22.9483608,link,Road to Mounshirhat (Z1081),
316,N1,LRP161,1008.0,157947.0,91.4786938,22.9484997,link,Km post missing,
317,N1,LRP162,1000.0,158955.0,91.4883608,22.9497497,link,Ctg 83 km,
318,N1,LRP163,288.0,159955.0,91.4980274,22.9497774,link,Km post missing,
319,N1,LRP163a,720.0,160243.0,91.5007778,22.9496663,bridge,Bridge start,B
320,N1,LRP164,619.0,160963.0,91.50725,22.9482774,link,Ctg 81 kkm,
321,N1,LRP164a,381.0,161582.0,91.5108611,22.9439441,link,Road to Chhagalnaiya (Z1032),
322,N1,LRP165,1000.0,161963.0,91.5124444,22.940833,link,Km post missing,
323,N1,LRP166,1000.0,162963.0,91.5172216,22.9329716,link,Km post missing,
324,N1,LRP167,1000.0,163963.0,91.5213327,22.9248882,link,Km post missing,
325,N1,LRP168,134.0,164963.0,91.5253882,22.9167216,link,Km post missing,
326,N1,LRP168a,866.0,165097.0,91.5259438,22.9156667,bridge,Bridge start,B
327,N1,LRP169,464.0,165963.0,91.5294993,22.9085833,link,Km post missing,
328,N1,LRP169a,3.0,166427.0,91.5314438,22.9046667,bridge,Box culvert,A
329,N1,LRP170,83.0,166963.0,91.5333608,22.9003333,link,Km post missing,
330,N1,LRP170a,637.0,167046.0,91.5336108,22.8994441,link,End of Bituminous Pavment,
331,N1,LRP170b,113.0,167683.0,91.5346941,22.8939997,link,Road to Karerhat (R151),
332,N1,LRP170c,104.0,167796.0,91.5350274,22.8929719,link,Start of Bituminious Pavement,
333,N1,LRP170d,63.0,167900.0,91.5353052,22.8921663,bridge,Box culvert,B
334,N1,LRP171,1000.0,167963.0,91.5354719,22.8916386,link,Km post missing,
335,N1,LRP172,915.0,168963.0,91.5381663,22.8829993,link,Km post missing / Box culvert,
336,N1,LRP172b,2.0,169878.0,91.5407219,22.875166,bridge,Box culvert,A
337,N1,LRP173,162.0,169963.0,91.5409719,22.8744438,link,Km post missing,
338,N1,LRP173a,1.5,170125.0,91.5414441,22.8731382,bridge,Box culvert,A
339,N1,LRP173b,1.5,170681.0,91.5431663,22.868416,bridge,Box culvert,A
340,N1,LRP174,576.0,170963.0,91.5439997,22.8661111,link,Km post missing,
341,N1,LRP174a,8.5,171539.0,91.54512584501992,22.86111772310757,bridge,Box culvert,A
342,N1,LRP174b,3.0,171716.0,91.5454719,22.8595833,bridge,Box culvert,A
343,N1,LRP175,165.0,171963.0,91.5456386,22.8575556,link,Km post missing,
344,N1,LRP175a,3.0,172128.0,91.5457219,22.856,bridge,Box culvert,A
345,N1,LRP175b,3.0,172241.0,91.545833,22.8550556,bridge,Box culvert,A
346,N1,LRP176,17.0,172963.0,91.5463608,22.8486663,link,Km post missing,
347,N1,LRP176a,4.5,172980.0,91.5463886,22.8485274,bridge,Bridge start,A
348,N1,LRP176c,240.0,173370.0,91.5475274,22.8452219,bridge,Box culvert,B
349,N1,LRP176d,353.0,173610.0,91.5482219,22.8432497,bridge,Box culvert,B
350,N1,LRP177,314.0,173963.0,91.5490552,22.8401941,link,Km post missing,
351,N1,LRP177a,686.0,174277.0,91.5492497,22.8372497,bridge,Pipe culvert,B
352,N1,LRP178,872.0,174963.0,91.5503611,22.8313882,link,Km post missing,
353,N1,LRP178a,128.0,175835.0,91.5528333,22.8239438,bridge,Box culvert,B
354,N1,LRP179,1000.0,175963.0,91.5531389,22.8228049,link,Km post missing,
355,N1,LRP180,340.0,176963.0,91.5555833,22.8141389,link,Km post missing,
356,N1,LRP180a,406.0,177303.0,91.5563889,22.8110556,bridge,Box culvert,B
357,N1,LRP180b,252.0,177709.0,91.5579167,22.808,bridge,Box culvert,B
358,N1,LRP180c,2.0,177961.0,91.5589167,22.8059722,bridge,Box culvert,B
359,N1,LRP181,155.0,177963.0,91.5589167,22.8059444,link,Km post missing,
360,N1,LRP181a,4.5,178118.0,91.5591111,22.8045833,bridge,Box culvert,A
361,N1,LRP182,493.0,178963.0,91.5613611,22.7974719,link,Km post missing,
362,N1,LRP182a,23.2,179456.0,91.5633333,22.7934163,bridge,Box Culvert,B
363,N1,LRP182b,35.0,179928.0,91.5654444,22.7896108,bridge,Box culvert,B
364,N1,LRP183,994.0,179963.0,91.5655833,22.7893608,link,Km post missing,
365,N1,LRP183a,6.0,180957.0,91.5695271,22.7813327,bridge,Bridge start,B
366,N1,LRP184,15.0,180963.0,91.5695827,22.7812216,link,Km post missing,
367,N1,LRP184a,9.7,180978.0,91.5696382,22.7811382,bridge,Bridge end,A
368,N1,LRP184b,475.0,181464.0,91.5713327,22.7771104,link,Road to Narayanhat (Z1021),
369,N1,LRP184c,24.0,181939.0,91.5733604,22.7732771,bridge,Box culvert,B
370,N1,LRP185,469.0,181963.0,91.5734716,22.7730271,link,Km post missing,
371,N1,LRP185a,4.0,182432.0,91.5756104,22.7693604,bridge,Box culvert,A
372,N1,LRP185b,529.0,182434.0,91.5779993,22.7661944,bridge,Box culvert,B
373,N1,LRP186,453.0,182963.0,91.5785549,22.7654722,link,Km post missing,
374,N1,LRP186a,12.9,183416.0,91.5811382,22.7621944,bridge,Box culvert,A
375,N1,LRP187,820.0,183963.0,91.5845274,22.7585278,link,Km post missing,
376,N1,LRP187a,3.0,184783.0,91.5893608,22.7526389,bridge,Bridge start,A
377,N1,LRP188,232.0,184963.0,91.5903608,22.7513333,link,Km post missing,
378,N1,LRP188a,768.0,185195.0,91.5916386,22.7496386,bridge,Box culvert,B
379,N1,LRP189,32.0,185963.0,91.5949163,22.7435552,link,Km post missing,
380,N1,LRP189a,968.0,185995.0,91.5950274,22.7433052,bridge,Box culvert,B
381,N1,LRP190,12.0,186963.0,91.5979441,22.7349997,link,Km post missing,
382,N1,LRP190a,3.0,186975.0,91.5979719,22.7349163,bridge,Box culvert,A
383,N1,LRP191,539.0,187963.0,91.6007778,22.7263882,link,Km post missing,
384,N1,LRP191a,3.0,188502.0,91.6030833,22.7221104,bridge,Box culvert,A
385,N1,LRP192,260.0,188963.0,91.6053056,22.7185549,link,Km post missing,
386,N1,LRP192a,75.0,189223.0,91.6065556,22.7165556,bridge,Box culvert,B
387,N1,LRP192b,215.0,189298.0,91.6069167,22.716,bridge,Box culvert,B
388,N1,LRP193,256.0,189513.0,91.6079444,22.7143889,link,"Ctg 52 km,Sitakhada 12 km",
389,N1,LRP193a,19.2,189769.0,91.6090556,22.7124167,bridge,Box culvert,A
390,N1,LRP193b,137.0,190376.0,91.6118056,22.7076111,bridge,Box Culvert,B
391,N1,LRP194,68.0,190513.0,91.6123611,22.7065556,link,Km post missing,
392,N1,LRP194a,4.2,190581.0,91.6126944,22.706,bridge,Box culvert,A
393,N1,LRP194b,381.0,190923.0,91.6142222,22.7033056,bridge,Box culvert,B
394,N1,LRP194c,220.0,191304.0,91.6157778,22.7002222,bridge,Box culvert,B
395,N1,LRP195,784.0,191524.0,91.616666,22.6984997,link,"Ctg 50 km,Sitakanda 10 km",
396,N1,LRP195a,3.2,192308.0,91.6198604,22.6919719,bridge,Box culvert,A
397,N1,LRP196,98.0,192524.0,91.6205271,22.6904163,link,Km post missing,
398,N1,LRP196a,6.0,192622.0,91.6208327,22.689583,bridge,Box culvert,A
399,N1,LRP196b,317.0,193166.0,91.6228327,22.685083,bridge,Box culvert,B
400,N1,LRP197,670.0,193483.0,91.6241938,22.6825549,link,"Ctg 48 km,Sitakanda 8 km",
401,N1,LRP197a,3.0,194153.0,91.6268327,22.6769438,bridge,Box culvert,A
402,N1,LRP197b,3.0,194384.0,91.6274438,22.6751382,bridge,Box culvert,A
403,N1,LRP198,120.0,194483.0,91.6277493,22.6743049,link,Km post missing,
404,N1,LRP198a,3.0,194603.0,91.6280827,22.6733049,link,Road to Haidchokia (Z1086),A
405,N1,LRP198b,506.0,194734.0,91.6285271,22.6722493,bridge,Box culvert,B
406,N1,LRP198c,370.0,195240.0,91.6301104,22.6678604,bridge,Box culvert,B
407,N1,LRP199,138.0,195610.0,91.6315549,22.6649167,link,"Ctg 46 km,Sitakanda 6 km",
408,N1,LRP199a,3.1,195748.0,91.6321382,22.6638333,bridge,Box culvert,A
409,N1,LRP199b,4.6,196288.0,91.6347219,22.6596667,bridge,Box culvert,A
410,N1,LRP200,357.0,196610.0,91.636333,22.6571389,link,Km post missing,
411,N1,LRP200a,209.0,196967.0,91.6381386,22.6543889,bridge,Box culvert,B
412,N1,LRP200b,411.0,197176.0,91.6391663,22.6527778,bridge,Box culvert,B
413,N1,LRP201,67.0,197587.0,91.640833,22.6494997,link,"Ctg 44 km,Sitakanda 4 km",
414,N1,LRP201a,3.0,197654.0,91.6411108,22.6489997,bridge,Box culvert,A
415,N1,LRP201b,3.0,198117.0,91.6430552,22.6452774,bridge,Box culvert,A
416,N1,LRP202,974.0,198587.0,91.6451108,22.641583,link,Km post missing,
417,N1,LRP202a,3.0,199561.0,91.6494719,22.6338608,bridge,Box culvert,A
418,N1,LRP203,135.0,199648.0,91.649833,22.6330827,link,"Ctg 42 km,Sitakanda 2 km",
419,N1,LRP203a,3.0,199783.0,91.6503889,22.6320271,bridge,Box culvert,A
420,N1,LRP203b,3.0,200565.0,91.6541389,22.625916,bridge,Box culvert,A
421,N1,LRP204,219.0,200648.0,91.6545278,22.6252216,link,Km post missing,
422,N1,LRP204a,4.6,200867.0,91.6553056,22.6234716,bridge,Box culvert,A
423,N1,LRP204b,163.0,201200.0,91.6563611,22.6206938,bridge,Box culvert,B
424,N1,LRP204c,273.0,201363.0,91.6568889,22.6194993,bridge,Bridge start,B
425,N1,LRP204f,91.0,201636.0,91.65825,22.6175271,bridge,Box culvert,B
426,N1,LRP205,16.0,201727.0,91.65875,22.6169716,link,"Ctg 40 km,Sitakanda 0 km",
427,N1,LRP205a,3.0,201743.0,91.6588611,22.6168604,bridge,Box culvert,A
428,N1,LRP205b,372.0,202355.0,91.6622222,22.6123889,bridge,Box culvert,B
429,N1,LRP206,72.0,202727.0,91.6638333,22.6094444,link,Km post missing,
430,N1,LRP206a,2.95,202799.0,91.6641111,22.6088889,bridge,Box culvert,A
431,N1,LRP207,130.0,203751.0,91.6688327,22.6015833,link,Ctg 38 km,
432,N1,LRP207a,4.5,203881.0,91.6692771,22.601,bridge,Box culvert,A
433,N1,LRP207b,49.0,203996.0,91.6699438,22.6000556,bridge,Box culvert,B
434,N1,LRP207c,681.0,204045.0,91.6703049,22.5994441,bridge,Box culvert,B
435,N1,LRP207d,25.0,204726.0,91.6737771,22.5942219,bridge,Box culvert,B
436,N1,LRP208,408.0,204751.0,91.6738327,22.5939997,link,Km post missing,
437,N1,LRP208a,22.25,205159.0,91.6754716,22.5907497,bridge,Box culvert,C
438,N1,LRP209,117.0,205916.0,91.6780827,22.584583,link,Info.Missing,
439,N1,LRP209a,10.2,206033.0,91.6784716,22.5836663,bridge,Bridge start,A
440,N1,LRP209c,331.0,206402.0,91.6799438,22.580666,link,Road to Katirhat (Z1087),
441,N1,LRP209d,183.0,206733.0,91.6811382,22.5779438,bridge,Box culvert,B
442,N1,LRP210,377.0,206916.0,91.6818049,22.5763604,link,Km post missing,
443,N1,LRP210a,3.0,207293.0,91.6830827,22.5731938,bridge,Bridge start,A
444,N1,LRP211,178.0,207916.0,91.6846941,22.5679716,link,Km post missing,
445,N1,LRP211a,4.1,208094.0,91.6851663,22.5664722,bridge,Box culvert,A
446,N1,LRP211b,231.0,208369.0,91.6859163,22.5641389,bridge,Bridge start,B
447,N1,LRP211d,316.0,208600.0,91.6863608,22.5624722,bridge,Box culvert,B
448,N1,LRP212,939.0,208916.0,91.6872219,22.5594444,link,Km post missing,
449,N1,LRP213,144.0,209855.0,91.6896941,22.5514167,link,Ctg 32 km,
450,N1,LRP213a,3.0,209999.0,91.6902774,22.5503056,bridge,Bridge start,A
451,N1,LRP214,119.0,210855.0,91.6945274,22.5438886,link,Km post missing,
452,N1,LRP214a,8.2,210974.0,91.6950274,22.5428608,bridge,Box culvert,A
453,N1,LRP215,90.0,211856.0,91.6979441,22.5354997,link,Ctg 30 km,
454,N1,LRP215a,3.0,211946.0,91.698333,22.5347774,bridge,Box culvert,A
455,N1,LRP216,957.0,212856.0,91.7019444,22.5273049,link,Km post missing,
456,N1,LRP216a,83.0,213813.0,91.7053611,22.519416,bridge,Bridge start,B
457,N1,LRP217,276.0,213896.0,91.7055556,22.5187216,link,Ctg 28 km,
458,N1,LRP217a,41.11,214172.0,91.7065833,22.5165556,bridge,Bridge start,A
459,N1,LRP217c,194.0,214399.0,91.7074444,22.5147222,bridge,Box culvert,B
460,N1,LRP217d,303.0,214593.0,91.7080833,22.5131389,bridge,Bridge start,B
461,N1,LRP218,144.0,214896.0,91.7090833,22.5106111,link,Km post missing,
462,N1,LRP218a,4.5,215040.0,91.7096389,22.5094444,bridge,Bridge start,A
463,N1,LRP218c,548.0,215291.0,91.7105556,22.5074444,bridge,Bridge start,B
464,N1,LRP218e,57.0,215839.0,91.7128056,22.503,bridge,Box culvert,B
465,N1,LRP219,685.0,215896.0,91.7130556,22.5025556,link,Km post missing,
466,N1,LRP219a,3.0,216581.0,91.7155556,22.4969163,bridge,Bridge start,B
467,N1,LRP220,887.0,216896.0,91.7170827,22.494583,link,Km post missing,
468,N1,LRP220a,4.5,217783.0,91.7192771,22.4869441,bridge,Box culvert,A
469,N1,LRP221,297.0,217957.0,91.7195549,22.4854163,link,Ctg 24 km,
470,N1,LRP221a,6.0,218254.0,91.72005100244988,22.48280706570156,bridge,Box culvert,A
471,N1,LRP221b,114.0,218855.0,91.7210549,22.4775271,bridge,Bridge start,B
472,N1,LRP222,883.0,218969.0,91.7213327,22.4765271,link,Info.Missing,
473,N1,LRP222a,136.0,219852.0,91.7250549,22.4694438,bridge,Box culvert,B
474,N1,LRP223,1000.0,219988.0,91.7255827,22.468416,link,Ctg 22 km,
475,N1,LRP224,184.0,220988.0,91.7295827,22.4603056,link,Km post missing,
476,N1,LRP224a,3.0,221172.0,91.7303604,22.4588333,bridge,Bridge start,A
477,N1,LRP225,1000.0,222006.0,91.7331283022124,22.45182350044248,link,Info.Missing,
478,N1,LRP226,104.0,223006.0,91.7364163,22.4433886,link,Km post missing,
479,N1,LRP226a,3.0,223110.0,91.7366663,22.4424997,bridge,Bridge start,A
480,N1,LRP227,137.0,224066.0,91.7396941,22.4349719,link,Km post missing,
481,N1,LRP227a,311.0,224203.0,91.7403608,22.4333049,bridge,Box culvert,B
482,N1,LRP227b,492.0,224514.0,91.7415274,22.4307493,bridge,Bridge start,B
483,N1,LRP228,1000.0,225006.0,91.7439997,22.4269716,link,Km post missing,
484,N1,LRP229,165.0,226006.0,91.7497774,22.4198882,link,Km post missing,
485,N1,LRP229a,835.0,226171.0,91.7504722,22.4185549,bridge,Bridge start,B
486,N1,LRP230,200.0,227006.0,91.7543611,22.4119167,link,Km post missing,
487,N1,LRP230a,5.0,227206.0,91.7544444,22.4101111,link,End of Bituminous Pavement,A
488,N1,LRP230b,2.0,227412.0,91.7551389,22.4084167,bridge,Box culvert,B
489,N1,LRP230c,592.0,227414.0,91.75514357643098,22.40839921010101,link,Start of Bituminous Pavement,
490,N1,LRP231,400.0,228006.0,91.7565278,22.4032222,link,Km post missing,
491,N1,LRP231a,3.0,228406.0,91.7573333,22.3996108,link,Road to Biman Bandar (Z1016),A
492,N1,LRP231b,18.0,228510.0,91.7576667,22.3988608,bridge,Bridge start,A
493,N1,LRP232,59.0,229006.0,91.7586944,22.3944997,link,Km post missing,
494,N1,LRP232a,3.0,229065.0,91.7588056,22.3937774,link,"N111, Port Connecting Road",A
495,N1,LRP232b,351.0,229282.0,91.75925,22.3921108,bridge,Box culvert,B
496,N1,LRP232c,373.0,229633.0,91.7605,22.3892497,bridge,Bridge start,B
497,N1,LRP233,625.0,230006.0,91.7618333,22.3861663,link,Km post missing,
498,N1,LRP233a,8.3,230631.0,91.7652222,22.3815271,bridge,Box culvert,A
499,N1,LRP234,436.0,231006.0,91.7675827,22.379166,link,Km post missing,
500,N1,LRP234a,3.0,231442.0,91.770416,22.3764716,bridge,Bridge start,A
501,N1,LRP235,555.0,232006.0,91.7741938,22.369166,link,Km post missing,
502,N1,LRP235a,193.0,232561.0,91.777666,22.3691382,link,End of Bituminous Road,
503,N1,LRP235b,8309.0,232754.0,91.7822771,22.3586667,link,The chittagong city area starts from Alongka cinema Hall,
504,N1,LRP244b,5.7,241063.0,91.8511111,22.3644444,link,Chittagong city area ends and the survey of N1 starts again,B
505,N1,LRP245,169.0,241456.0,91.8508333,22.3646111,link,Km post missing,
506,N1,LRP245a,1.5,241625.0,91.8514722,22.3632778,bridge,Box culvert,A
507,N1,LRP246,71.0,242456.0,91.8531667,22.3561111,link,Km post missing,
508,N1,LRP246a,3.0,242527.0,91.8530833,22.3555,bridge,Bridge start,A
509,N1,LRP247,549.0,243456.0,91.8519444,22.3473886,link,Km post missing,
510,N1,LRP247a,116.13,244005.0,91.8531389,22.3427219,bridge,Bridge start,A
511,N1,LRP248,52.0,244456.0,91.8534722,22.3387497,link,Km post missing,
512,N1,LRP248a,3.0,244508.0,91.853695585567,22.338362487628867,bridge,Bridge start,B
513,N1,LRP248c,823.0,244633.0,91.8542778,22.3373886,bridge,Bridge start,B
514,N1,LRP249,209.0,245456.0,91.8515556,22.3314716,link,Km post missing,
515,N1,LRP249a,3.1,245665.0,91.8521111,22.3297493,bridge,Shah Amanath (Karnaphuli) Bridge,B
516,N1,LRP250,178.0,246456.0,91.8535556,22.3228327,link,Km post missing,
517,N1,LRP250a,3.0,246634.0,91.8536111,22.3212771,bridge,Bridge end,A
518,N1,LRP250c,45.0,247352.0,91.8553333,22.3152222,bridge,Bridge end,B
519,N1,LRP251,496.0,247397.0,91.8553889,22.3148889,link,"Cox,s Bazar 143 km,Patiya 16 km",
520,N1,LRP251a,3.0,247893.0,91.8570278,22.3108333,link,Road to BFDC Fisharies (Z1804) /Start of Dohazari Road Division. / Road to BFDC Fisharies (Z1804) /Start of Dohazari Road Division.,A
521,N1,LRP251b,327.0,247923.0,91.8570833,22.3106111,link,Road to Balakkhati (Z1065),
522,N1,LRP251c,147.0,248250.0,91.8589722,22.30825,bridge,Box culvert,B
523,N1,LRP252,400.0,248397.0,91.8598611,22.3071944,link,Cox's Bazar 142 km,
524,N1,LRP252a,3.0,248797.0,91.8621667,22.3043056,bridge,Box culvert,A
525,N1,LRP252b,293.0,249106.0,91.8639444,22.3021667,bridge,Box culvert,B
526,N1,LRP253,568.0,249399.0,91.8655833,22.2998886,link,Cox's Bazar 141km,
527,N1,LRP253a,5.3,249967.0,91.8671938,22.2950274,bridge,Box culvert,A
528,N1,LRP254,51.0,250394.0,91.8693327,22.2919441,link,Cox's Bazar 140km,
529,N1,LRP254a,170.0,250445.0,91.8696382,22.2916663,link,Road to Arowana (Z1018),
530,N1,LRP254b,447.0,250615.0,91.8711382,22.2916108,bridge,Box culvert,B
531,N1,LRP254c,262.0,251062.0,91.8748604,22.293583,bridge,Box culvert,B
532,N1,LRP254d,67.0,251324.0,91.8770827,22.2946386,bridge,Bridge start,B
533,N1,LRP255,54.0,251391.0,91.877666,22.2949163,link,Cox's Bazar 139 km,
534,N1,LRP255a,3.0,251445.0,91.8781104,22.2951108,bridge,Bridge end,A
535,N1,LRP255b,689.0,251708.0,91.885583,22.2983886,bridge,Box Culvert,B
536,N1,LRP256,559.0,252397.0,91.886333,22.2985552,link,Cox's Bazar 138 km,
537,N1,LRP256a,441.0,252956.0,91.8915552,22.3,link,Road to Kaliganj (Z1071),
538,N1,LRP257,173.0,253397.0,91.892833,22.3005833,link,Cox's Bazar 137 km,
539,N1,LRP257a,50.3,253570.0,91.897333,22.3015833,bridge,Box culvert,B
540,N1,LRP258,103.0,254024.0,91.9015556,22.3027222,link,"Cox,s Bazar 136 km,Patiya 11 km",
541,N1,LRP258a,872.0,254127.0,91.9025,22.3029722,bridge,Box culvert,B
542,N1,LRP259,303.0,254999.0,91.9106389,22.3053611,link,"Cox,s Bazar 135 km,Patiya 10 km",
543,N1,LRP259a,424.0,255302.0,91.9128056,22.3070556,bridge,Box culvert,B
544,N1,LRP259b,273.0,255726.0,91.91575,22.3096944,link,Road to Kaliganj (Z1070),
545,N1,LRP260,167.9999999999709,255999.0,91.9176382,22.3114167,link,Box culvert,
546,N1,LRP260a,12.4,256166.99999999997,91.9188327,22.3124722,bridge,Box culvert,A
547,N1,LRP260b,121.0000000000291,256688.0,91.9224993,22.3156389,bridge,Box culvert,B
548,N1,LRP260c,190.0,256809.00000000003,91.9235827,22.3158889,link,Road to Kalurghat (N107),
549,N1,LRP261,750.0,256999.00000000003,91.9253882,22.3155556,link,Km post missing,
550,N1,LRP261a,61.0,257749.00000000003,91.9322216,22.3137778,bridge,Box culvert,B
551,N1,LRP262,1000.0,257999.00000000003,91.9345274,22.31375,link,Km post missing,
552,N1,LRP263,618.0,258999.00000000003,91.9438886,22.3136389,link,Km post missing,
553,N1,LRP263a,392.9999999999709,259617.00000000003,91.9477219,22.3098611,bridge,Box culvert,B
554,N1,LRP264,1000.0,260010.0,91.9491941,22.3067222,link,Info.Missing,
555,N1,LRP265,925.9999999999709,261010.0,91.9553889,22.3025,link,Km post missing,
556,N1,LRP265a,9.2,261935.99999999997,91.9641667,22.3010278,bridge,Bridge start,A
557,N1,LRP266,1000.0,262010.0,91.9648889,22.3009167,link,Km post missing,
558,N1,LRP267,568.0,263010.0,91.973916,22.2979441,link,Km post missing,
559,N1,LRP267a,9.4,263578.0,91.9787493,22.2956941,bridge,Slab Culvert,A
560,N1,LRP267b,266.0,263744.0,91.9803049,22.295333,link,Road to Boalkhali (Z1059),
561,N1,LRP268,60.0,264010.0,91.9816382,22.2934997,link,Km post missing,
562,N1,LRP268a,14.0,264070.0,91.9821104,22.2933608,link,Road to Haidgaon (Z1057),A
563,N1,LRP268b,14.0,264216.0,91.9822493,22.292083,bridge,Box culvert,A
564,N1,LRP268c,773.0,264237.0,91.9823327,22.291833,link,Road to Anowara (R170),
565,N1,LRP269,303.0,265010.0,91.9883886,22.2878052,link,Km post missing,
566,N1,LRP269a,12.7,265313.0,91.9911108,22.286583,bridge,Bridge start,B
567,N1,LRP269c,9.4,265410.0,91.9916941,22.2862497,link,Road to Chandnaisa(Z1039),B
568,N1,LRP270,270.0,266010.0,91.9967497,22.2836386,link,Km post missing,
569,N1,LRP270a,14.0,266280.0,91.9986663,22.2820549,bridge,Box Culvert,A
570,N1,LRP271,214.0,267205.0,92.0043889,22.2761938,link,Info.Missing,
571,N1,LRP271a,9.2,267419.0,92.0053056,22.2745827,bridge,Box culvert,A
572,N1,LRP271b,516.0,267689.0,92.0055278,22.2722493,bridge,Box culvert,B
573,N1,LRP272,626.0,268205.0,92.0058056,22.2676104,link,Km post missing,
574,N1,LRP272a,50.4,268831.0,92.0070556,22.2622222,bridge,Bridge start,C
575,N1,LRP272c,9.2,269079.0,92.0075556,22.2600833,bridge,Box Culvert,B
576,N1,LRP273,403.0,269205.0,92.0081389,22.259,link,Km post missing,
577,N1,LRP273a,268.0,269608.0,92.0096111,22.2557222,bridge,Box culvert,B
578,N1,LRP273b,329.0,269876.0,92.01125,22.2538611,bridge,Box culvert,B
579,N1,LRP274,343.0,270205.0,92.0133333,22.2517222,link,Km post missing,
580,N1,LRP274a,657.0,270548.0,92.0152778,22.249333,bridge,Box culvert,B
581,N1,LRP275,602.0,271205.0,92.019166,22.2449997,link,Km post missing,
582,N1,LRP275a,479.0,271807.0,92.0215271,22.2410552,bridge,Box culvert,B
583,N1,LRP275b,139.0,272286.0,92.0230549,22.2371941,bridge,Box culvert,B
584,N1,LRP276,385.0,272425.0,92.0234716,22.236083,link,Info.Missing,
585,N1,LRP276a,12.3,272810.0,92.0245549,22.2327771,bridge,Box culvert,B
586,N1,LRP276b,230.0,272989.0,92.0248882,22.2316938,bridge,Bridge start,B
587,N1,LRP277,12.0,273219.0,92.0258882,22.227916,link,Info.Missing,
588,N1,LRP277a,449.0,273231.0,92.025916,22.2278882,bridge,Bridge start,B
589,N1,LRP277c,539.0,273680.0,92.0270827,22.2240271,bridge,Box culvert,B
590,N1,LRP278,248.0,274219.0,92.0278882,22.2192493,link,Km post missing,
591,N1,LRP278a,515.0,274467.0,92.0281382,22.2170549,bridge,Box culvert,B
592,N1,LRP278b,237.0,274982.0,92.0304993,22.2131389,link,Road To Dhupchheri (Z1026),
593,N1,LRP279,542.0,275219.0,92.0318049,22.2116111,link,Km post missing,
594,N1,LRP279a,211.0,275761.0,92.0356663,22.2084444,bridge,Bridge start,B
595,N1,LRP279c,117.0,276102.0,92.0370274,22.2059444,bridge,Bridge start,B
596,N1,LRP280,1094.0,276219.0,92.0380274,22.2054167,link,Km post missing,
597,N1,LRP281,700.0,277313.0,92.0433886,22.1977774,link,Info.Missing,
598,N1,LRP281a,313.0,278013.0,92.0453608,22.1917219,link,Road to Barma (Z1036),
599,N1,LRP282,1013.0,278326.0,92.046583,22.1897497,link,Info.Missing,
600,N1,LRP283,821.0,279339.0,92.0513889,22.1822771,link,Info.Missing,
601,N1,LRP283a,27.9,280160.0,92.0528611,22.1750827,bridge,Box culvert,A
602,N1,LRP284,1000.0,280339.0,92.0534167,22.1735827,link,Km post missing,
603,N1,LRP285,1000.0,281339.0,92.0548889,22.1652222,link,Km post missing,
604,N1,LRP286,515.0,282339.0,92.0641944,22.1629722,link,Km post missing,
605,N1,LRP286a,485.0,282854.0,92.0674716,22.1596667,bridge,Bridge start,B
606,N1,LRP287,664.0,283339.0,92.0701104,22.156,link,Km post missing,
607,N1,LRP287a,11.2,284003.0,92.0696938,22.1509722,bridge,Bridge start,A
608,N1,LRP288,951.0,284218.0,92.0696104,22.1491386,link,"Cox,s Bazar 111 km,Kasherhat 5 km",
609,N1,LRP289,303.0,285169.0,92.0697771,22.1406663,link,Keranirhat 4 km,
610,N1,LRP289a,12.6,285472.0,92.0698882,22.1379163,bridge,Box Culvert,A
611,N1,LRP289b,161.0,285973.0,92.0700827,22.1334441,bridge,Box Culvert,B
612,N1,LRP290,119.0,286134.0,92.0701938,22.1320549,link,"Cox,s Bazar 109 km",
613,N1,LRP290a,285.0,286253.0,92.070416,22.1308049,bridge,Bridge start,B
614,N1,LRP290c,516.0,286538.0,92.0708604,22.1285271,bridge,Bridge start,B
615,N1,LRP291,10.0,287054.0,92.0715827,22.1240271,link,Info.Missing,
616,N1,LRP291a,30.3,287064.0,92.0716382,22.123666,bridge,Box culvert,A
617,N1,LRP291b,601.0,287453.0,92.0719438,22.1208049,bridge,Box culvert,B
618,N1,LRP292,282.0,288054.0,92.072416,22.1151944,link,Km post missing,
619,N1,LRP292a,2.5,288336.0,92.0726938,22.1133056,bridge,Box culvert,A
620,N1,LRP293,558.0,289054.0,92.0738049,22.1062222,link,Km post missing,
621,N1,LRP293a,12.6,289612.0,92.0740549,22.1021667,link,Road to Bandarban(N108),A
622,N1,LRP293b,250.0,289724.0,92.0743604,22.0993052,bridge,Box culvert,B
623,N1,LRP293c,6.0,289974.0,92.0750271,22.0977497,link,Road to Satkaria (Z1019),A
624,N1,LRP294,612.0,290004.0,92.0752216,22.097583,link,Km post missing,
625,N1,LRP294a,13.64,290616.0,92.0798604,22.0942219,bridge,Box culvert,A
626,N1,LRP295,956.0,290838.0,92.0812493,22.092833,link,"Cox,s Bazar 104 km",
627,N1,LRP296,546.0,291794.0,92.088583,22.0876941,link,"Cox,s Bazar 103 km,Pasea 5 km",
628,N1,LRP296a,2.0,292340.0,92.0924997,22.0844441,bridge,Box culvert,A
629,N1,LRP297,300.0,292758.0,92.0958886,22.0826104,link,"Cox,s Bazar 102 km,Pasha 3 km",
630,N1,LRP297a,700.0,293058.0,92.0982774,22.081166,bridge,Box culvert,B
631,N1,LRP298,704.0,293758.0,92.1001944,22.0752216,link,Km post missing,
632,N1,LRP298a,3.0,294462.0,92.1038333,22.0699438,bridge,Bridge start,A
633,N1,LRP299,566.0,294672.0,92.10525,22.0686938,link,"Cox,s Bazar 100 km,Pasra 2 km",
634,N1,LRP299a,12.6,295238.0,92.107,22.0641667,bridge,Bridge start,A
635,N1,LRP299c,6.2,295663.0,92.1078056,22.0605556,bridge,Box culvert,A
636,N1,LRP300,423.0,295672.0,92.1078611,22.0604722,link,Km post missing,
637,N1,LRP300a,3.0,296095.0,92.1090833,22.0568611,bridge,Box culvert,A
638,N1,LRP300b,12.4,296610.0,92.1091111,22.0522778,bridge,Box culvert,A
639,N1,LRP301,330.0,296672.0,92.1090278,22.0516944,link,Km post missing,
640,N1,LRP301a,14.2,297002.0,92.1082222,22.0486386,bridge,Box culvert,A
641,N1,LRP301b,24.2,297441.0,92.1078333,22.0449719,link,Road to Tonkabati (Z1013),A
642,N1,LRP301c,136.0,297536.0,92.1073056,22.0443052,bridge,Box culvert,B
643,N1,LRP302,695.0,297672.0,92.1063056,22.0434441,link,Km post missing,
644,N1,LRP302a,22.5,298367.0,92.104,22.0379163,bridge,Box culvert,A
645,N1,LRP303,567.0,298464.0,92.1039722,22.037083,link,"Cox.s Bazar 96 km,Lohaona 3 km",
646,N1,LRP303a,2.5,299031.0,92.1041667,22.0320827,bridge,Box culvert,A
647,N1,LRP303b,55.0,299409.0,92.1035556,22.028916,bridge,Bridge start,B
648,N1,LRP304,19.0,299464.0,92.1032778,22.0284438,link,Km post missing,
649,N1,LRP304a,899.0,299483.0,92.1031944,22.0283327,bridge,Bridge end,B
650,N1,LRP305,14.0,300382.0,92.1015556,22.020666,link,"Cox,s Bazar 94 km,Lohaona 1 km",
651,N1,LRP305a,22.4,300396.0,92.1015,22.0205549,bridge,Box culvert,A
652,N1,LRP306,930.0,301319.0,92.094833,22.0153056,link,"Cox,s Bazar 93 km,Lohagora 6 km",
653,N1,LRP306a,3.0,302249.0,92.0927497,22.0077222,bridge,Box culvert,A
654,N1,LRP307,465.0,302298.0,92.0924997,22.0074167,link,"Cox,s Bazar 92 km,Lohagra 0 km",
655,N1,LRP307a,1.4,302763.0,92.0904163,22.0039167,bridge,Box culvert,A
656,N1,LRP307b,16.0,303303.0,92.0880274,21.9999441,bridge,Box culvert,B
657,N1,LRP308,547.0,303319.0,92.0879997,21.999833,link,"Cox,s Bazar 87 km",
658,N1,LRP308a,4.5,303866.0,92.0873608,21.9951108,bridge,Box culvert,A
659,N1,LRP308b,9.3,303883.0,92.0872774,21.9950552,bridge,Box culvert,A
660,N1,LRP308c,79.0,304317.0,92.086083,21.9913886,bridge,Bridge start,B
661,N1,LRP309,160.0,304396.0,92.0858608,21.9907219,link,"Cox,s Bazar 86 km,Chokaria 28 km",
662,N1,LRP309a,4.5,304556.0,92.085333,21.9893886,bridge,Box culvert,A
663,N1,LRP309b,4.7,304962.0,92.0835274,21.9862219,bridge,Bridge start,A
664,N1,LRP310,265.0,305375.0,92.0817771,21.9829716,link,"Cox,s Bazar 87 km,Chokaria 27 km",
665,N1,LRP310a,2.0,305640.0,92.0800271,21.9811104,bridge,Bridge start,A
666,N1,LRP310c,342.0,305919.0,92.0778327,21.9798882,bridge,Box culvert,B
667,N1,LRP310d,133.0,306261.0,92.0747493,21.9789716,bridge,Box culvert,B
668,N1,LRP311,1017.0,306394.0,92.0739993,21.9781104,link,"Cox,s Bazar 88 km,Chowria 27 km",
669,N1,LRP312,171.0,307411.0,92.0670827,21.9729438,link,"Cox,s Bazar 83 km,Chokaria 25 km",
670,N1,LRP312a,564.0,307582.0,92.0657222,21.9720827,link,Road to Banskhali (R171),
671,N1,LRP312b,265.0,308146.0,92.0635,21.967666,bridge,Box culvert,B
672,N1,LRP313,255.0,308411.0,92.0625556,21.9654167,link,Km post missing,
673,N1,LRP313a,393.0,308666.0,92.0633611,21.9620278,bridge,Bridge start,B
674,N1,LRP313c,352.0,309059.0,92.0653889,21.9590833,bridge,Box culvert,B
675,N1,LRP314,85.0,309411.0,92.0665833,21.9578333,link,Km post missing,
676,N1,LRP314a,9.3,309496.0,92.0673327,21.9569167,bridge,Box culvert,A
677,N1,LRP314b,324.0,310017.0,92.0678604,21.9516111,bridge,Bridge start,B
678,N1,LRP315,461.0,310341.0,92.0675271,21.9489441,link,Info.Missing,
679,N1,LRP315a,3.0,310802.0,92.0668049,21.9446663,bridge,Box culvert,A
680,N1,LRP316,615.0,311341.0,92.0643889,21.940583,link,Km post missing,
681,N1,LRP316a,3.0,311956.0,92.0623056,21.9354441,bridge,Box culvert,A
682,N1,LRP316b,157.0,312209.0,92.0614167,21.9333608,bridge,Box culvert,B
683,N1,LRP317,78.0,312366.0,92.06075,21.9322216,link,"Cox,s Bazar 78 km",
684,N1,LRP317a,56.4,312444.0,92.0603611,21.931666,bridge,Box culvert,A
685,N1,LRP317b,673.0,312708.0,92.0592778,21.9296104,bridge,Box culvert,B
686,N1,LRP318,585.0,313381.0,92.0585,21.9235827,link,"Cox,s Bazar 77 km/Start of Cox's Bazar Road Division. / Cox,s Bazar 77 km/Start of Cox's Bazar Road Division.",
687,N1,LRP318a,14.3,313966.0,92.0597778,21.9177216,bridge,Box culvert,A
688,N1,LRP318b,2.1,314269.0,92.0601389,21.9160833,bridge,Box culvert,A
689,N1,LRP319,223.0,314416.0,92.0604722,21.9148333,link,"Cox,s Bazar 76 km",
690,N1,LRP319a,4.5,314639.0,92.0606667,21.9128611,bridge,Box culvert,A
691,N1,LRP319b,3.0,315150.0,92.0605278,21.9083889,bridge,Box culvert,A
692,N1,LRP320,308.0,315420.0,92.0609167,21.9059444,link,"Cox,s Bazar 75 km",
693,N1,LRP320a,15.8,315728.0,92.0611667,21.9031667,link,Road to Lama(Z1007),A
694,N1,LRP321,63.0,316293.0,92.0612222,21.8969997,link,"Cox,s Bazar 74 km",
695,N1,LRP321a,7.3,316356.0,92.06108684571824,21.89646793301105,link,Road to Toitong (Z1124),A
696,N1,LRP321b,46.0,317017.0,92.0596667,21.8908886,bridge,Box culvert,A
697,N1,LRP322,833.0,317299.0,92.0600833,21.8883886,link,"Cox,s Bazar 73 km",
698,N1,LRP322a,14.0,318132.0,92.0589722,21.8810271,bridge,Box culvert,A
699,N1,LRP323,508.0,318311.0,92.0590833,21.879416,link,Cox's Bazar 72 km,
700,N1,LRP323a,501.0,318819.0,92.0591111,21.874916,bridge,Box culvert,B
701,N1,LRP324,907.0,319320.0,92.0591389,21.8704993,link,Info.Missing,
702,N1,LRP324a,93.0,320227.0,92.0595,21.8625,bridge,Box culvert,B
703,N1,LRP325,222.0,320320.0,92.0596111,21.8616389,link,Km post missing,
704,N1,LRP325a,20.6,320542.0,92.0602778,21.8597222,bridge,Bridge start,A
705,N1,LRP326,21.0,321325.0,92.0609722,21.85275,link,"Cox,s Bazar 69 km",
706,N1,LRP326a,14.2,321346.0,92.0609722,21.8526111,bridge,Box culvert,B
707,N1,LRP326b,765.0,321575.0,92.0609444,21.8505,bridge,Box culvert,B
708,N1,LRP327,213.0,322340.0,92.0628056,21.8441386,link,"Cox,s Bazar 68 km",
709,N1,LRP327a,15.7,322553.0,92.0638611,21.842583,bridge,Box culvert,A
710,N1,LRP327b,482.0,322875.0,92.0651389,21.8399719,bridge,Box culvert,B
711,N1,LRP328,314.0,323357.0,92.067416,21.8363052,link,"Cox,s Bazar 67 km",
712,N1,LRP328a,300.0,323671.0,92.0684438,21.8336663,bridge,Box culvert,C
713,N1,LRP328b,482.0,323842.0,92.0689993,21.8322216,link,Road to Paharchaanda(Z1125),
714,N1,LRP329,294.0,324324.0,92.0712771,21.8280827,link,Cox's Bazar 66 km,
715,N1,LRP329a,565.0,324618.0,92.0723882,21.8256938,bridge,Bridge start,B
716,N1,LRP329c,149.0,325183.0,92.0741104,21.8208882,bridge,Box culvert,B
717,N1,LRP330,181.0,325332.0,92.0741382,21.8195271,link,Cox's Bazar 65km,
718,N1,LRP330a,831.0,325513.0,92.073916,21.8179716,bridge,Box culvert,B
719,N1,LRP331,844.0,326344.0,92.0776382,21.8119444,link,Cox.s Bazar 64 km,
720,N1,LRP331a,9.3,327188.0,92.077166,21.8045278,link,Road to Paharchanda(Z1002),B
721,N1,LRP331b,25.0,327344.0,92.0772493,21.8031389,bridge,Bridge start,B
722,N1,LRP332,993.0,327369.0,92.0772771,21.8029167,link,"Cox,s Bazar 63 km",
723,N1,LRP333,775.0,328362.0,92.0783882,21.7941941,link,"Cox,s Bazar 62 km",
724,N1,LRP333a,12.6,329137.0,92.0788882,21.7873886,bridge,Box culvert,A
725,N1,LRP333b,138.0,329237.0,92.0790271,21.7864997,bridge,Box culvert,B
726,N1,LRP334,180.0,329375.0,92.079166,21.7853052,link,"Cox,s Bazar 61 km",
727,N1,LRP334a,819.0,329555.0,92.0792771,21.7836941,bridge,Box culvert,B
728,N1,LRP335,80.0,330374.0,92.0840552,21.7782493,link,"Cox,s Bazar 60 km",
729,N1,LRP335a,12.8,330454.0,92.0843886,21.7776382,bridge,Box culvert,A
730,N1,LRP335b,195.0,330679.0,92.0851108,21.7758049,bridge,Box culvert,B
731,N1,LRP335c,135.0,330874.0,92.0840552,21.7737216,link,Intersection with Z1126,
732,N1,LRP335d,293.0,331009.0,92.0837219,21.7732771,bridge,Box culvert,B
733,N1,LRP336,24.0,331302.0,92.0818327,21.7713049,link,"Cox,s Bazar 59 km",
734,N1,LRP336a,9.3,331326.0,92.0816382,21.7711938,bridge,Bridge start,A
735,N1,LRP336c,236.0,332066.0,92.0767771,21.7664722,link,Road to Tuabazar (Z1127),
736,N1,LRP337,575.0,332302.0,92.075916,21.7646389,link,Km post missing,
737,N1,LRP337a,553.0,332877.0,92.0764993,21.7596389,link,Road to Badarkhali (R172),
738,N1,LRP338,1002.0,333430.0,92.0770271,21.7546944,link,"Cox,s Bazar 57 km",
739,N1,LRP339,865.0,334432.0,92.080916,21.7466386,link,"Cox,s Bazar 56 km",
740,N1,LRP339a,59.6,335297.0,92.0828604,21.7392497,bridge,Box culvert,A
741,N1,LRP340,51.0,335438.0,92.0834163,21.738083,link,Cox's Bazar 55 km,
742,N1,LRP340a,3.5,335489.0,92.0834719,21.7376386,bridge,Box culvert,A
743,N1,LRP340b,181.0,336169.0,92.0838052,21.7315827,bridge,Box culvert,B
744,N1,LRP340c,108.0,336350.0,92.083833,21.7299993,bridge,Bridge start,B
745,N1,LRP341,689.0,336458.0,92.0838608,21.7290271,link,"Cox,s Bazar 54 km",
746,N1,LRP341a,54.4,337147.0,92.0834719,21.7229438,bridge,Box culvert,A
747,N1,LRP341b,148.0,337310.0,92.0830827,21.7215549,link,Road to Alikadam(Z1005),
748,N1,LRP342,420.0,337458.0,92.0822493,21.7204716,link,Cox's Bazar 53km,
749,N1,LRP342a,61.0,337878.0,92.0824993,21.7169438,bridge,Pipe Culvert,C
750,N1,LRP343,527.0,338491.0,92.0821104,21.7120833,link,"Cox,s Bazar 52 km",
751,N1,LRP343a,489.0,339018.0,92.0800549,21.7080278,bridge,Box culvert,B
752,N1,LRP344,310.0,339507.0,92.0788604,21.7040556,link,"Cox,s Bazar 51 km",
753,N1,LRP344a,698.0,339817.0,92.0783882,21.7013611,bridge,Box culvert,B
754,N1,LRP345,1012.0,340515.0,92.0805827,21.6957497,link,Cox's Bazar 50km,
755,N1,LRP346,1000.0,341527.0,92.0800827,21.6868608,link,Cox's Bazar 49km,
756,N1,LRP347,417.0,342527.0,92.0770827,21.678416,link,Cox's Bazar 48 km,
757,N1,LRP347a,7.0,342944.0,92.0766104,21.6747493,bridge,Bridge start,A
758,N1,LRP347c,34.0,343429.0,92.0762771,21.6704438,bridge,Box culvert,B
759,N1,LRP348,96.0,343463.0,92.0760549,21.6695549,link,"Cox,s Bazar 47 km",
760,N1,LRP348a,9.3,343559.0,92.0759438,21.6688327,link,Road to Garzania (Z1130),A
761,N1,LRP348b,14.0,344325.0,92.074916,21.6618889,bridge,Box culvert,A
762,N1,LRP349,176.0,344468.0,92.0750827,21.6606111,link,"Cox,s Bazar 46 km",
763,N1,LRP349a,1.4,344644.0,92.0751382,21.6590556,bridge,Bridge start,A
764,N1,LRP350,237.0,345484.0,92.0737771,21.6518056,link,"Cox,s Bazar 45 km",
765,N1,LRP350a,2.5,345721.0,92.0733049,21.6497219,bridge,Bridge start,A
766,N1,LRP350c,251.0,345801.0,92.0733049,21.649083,bridge,Box culvert,B
767,N1,LRP350d,447.0,346052.0,92.0733604,21.6468052,bridge,Box culvert,B
768,N1,LRP351,1018.0,346499.0,92.0732216,21.6428608,link,"Cox,s Bazar 44 km",
769,N1,LRP352,1028.0,347517.0,92.0770271,21.634833,link,"Cox,s Bazar 43 km",
770,N1,LRP353,734.0,348545.0,92.0773882,21.6259716,link,"Cox,s Bazar 42 km",
771,N1,LRP353a,4.8,349279.0,92.0724438,21.6213604,bridge,Box culvert,A
772,N1,LRP354,399.0,349545.0,92.0705271,21.6197771,link,Cox's Bazar 41km,
773,N1,LRP354a,46.0,349944.0,92.0679993,21.617166,bridge,Bridge start,A
774,N1,LRP354c,115.0,350054.0,92.0667771,21.6150556,link,"Z1131, Kutakhali-Maheshkhali",
775,N1,LRP355,140.0,350169.0,92.0652222,21.61225,link,"Cox,s Bazar 40 km",
776,N1,LRP355a,180.0,350309.0,92.06399479375,21.610086825,bridge,Box culvert,B
777,N1,LRP355b,797.0,350489.0,92.0624167,21.6073056,bridge,Box culvert,B
778,N1,LRP356,57.0,351286.0,92.0619444,21.6039167,link,"Cox,s Bazar 39 km",
779,N1,LRP356a,341.0,351343.0,92.061920540201,21.603029505025123,bridge,Box culvert,B
780,N1,LRP356b,602.0,351684.0,92.0617778,21.5977219,bridge,Box culvert,B
781,N1,LRP357,82.0,352286.0,92.0611944,21.5951108,link,Cox's Bazar 38km,
782,N1,LRP357a,14.0,352368.0,92.06161870980392,21.59379884019608,bridge,Box culvert,A
783,N1,LRP357b,504.0,352694.0,92.0633056,21.588583,bridge,Box culvert,B
784,N1,LRP358,100.0,353198.0,92.0650278,21.5875274,link,"Cox,s Bazar 37 km",
785,N1,LRP358a,3.0,353298.0,92.0650278,21.5861941,bridge,Box culvert,A
786,N1,LRP358b,2.5,353466.0,92.0652222,21.584833,bridge,Box culvert,A
787,N1,LRP359,129.0,354197.0,92.0668049,21.5791938,link,Cox's Bazar 36 km,
788,N1,LRP359a,7.5,354326.0,92.0697216,21.5769993,bridge,Box culvert,A
789,N1,LRP360,694.0,355167.0,92.0718049,21.5717216,link,"Cox,s Bazar 35 km",
790,N1,LRP360a,14.0,355861.0,92.0702493,21.564,bridge,Box Culvert,A
791,N1,LRP361,135.0,356187.0,92.0700271,21.5629444,link,"Cox,s Bazar 34 km",
792,N1,LRP361a,121.0,356322.0,92.0696382,21.5618056,bridge,Box Culvert,B
793,N1,LRP361b,746.0,356443.0,92.0692771,21.5608333,bridge,Box Culvert,B
794,N1,LRP362,196.0,357189.0,92.0679716,21.5555,link,"Cos,x Bazar 33 km",
795,N1,LRP362a,475.0,357385.0,92.067916,21.5553056,bridge,Bridge start,B
796,N1,LRP362c,229.0,357860.0,92.0670827,21.5484719,bridge,Bridge start,B
797,N1,LRP363,887.0,358089.0,92.0668327,21.546583,link,"Cox,s Bazar 32 km",
798,N1,LRP364,1016.0,358976.0,92.0639722,21.538333,link,Cox's Bazar 31km,
799,N1,LRP365,33.0,359992.0,92.0650278,21.5294993,link,Cox.s Bazar 30 km,
800,N1,LRP365a,14.0,360025.0,92.0650833,21.5283049,bridge,Box culvert,B
801,N1,LRP365b,344.0,360237.0,92.0651944,21.5264716,bridge,Box culvert,B
802,N1,LRP365c,159.0,360581.0,92.0656111,21.5234716,bridge,Bridge start,B
803,N1,LRP365e,162.0,360740.0,92.0658611,21.5220827,bridge,Box culvert,B
804,N1,LRP366,555.0,360902.0,92.0661667,21.520666,link,"Cox,s Bazar 29 km",
805,N1,LRP366a,424.0,361457.0,92.068166,21.5161111,bridge,Box culvert,B
806,N1,LRP366b,27.0,361881.0,92.0698604,21.5126944,bridge,Box culvert,B
807,N1,LRP367,512.0,361908.0,92.0699438,21.5125556,link,Cox.s Bazar 28 km,
808,N1,LRP367a,9.2,362420.0,92.0717493,21.5083889,bridge,Box culvert,A
809,N1,LRP367b,284.0,362624.0,92.072916,21.5069722,bridge,Box culvert,B
810,N1,LRP368,911.0,362908.0,92.0745549,21.505,link,Cox's Bazar 27km,
811,N1,LRP368a,1.5,363819.0,92.0765549,21.4974719,bridge,Box culvert,A
812,N1,LRP369,48.0,363908.0,92.0769438,21.4968608,link,Cox's Bazar 26km,
813,N1,LRP369a,3.0,363956.0,92.077166,21.4964441,bridge,Box culvert,A
814,N1,LRP370,986.0,364861.0,92.0818049,21.4901941,link,"Cox,s Bazar 25 km",
815,N1,LRP371,274.0,365847.0,92.0898052,21.4870274,link,"Cox,s Bazar 24 km",
816,N1,LRP371a,8.2,366121.0,92.091333,21.4851386,bridge,Box culvert,A
817,N1,LRP372,358.0,366821.0,92.0938886,21.4793604,link,Cox.s Bazar 23 km,
818,N1,LRP372a,12.4,367179.0,92.0957497,21.4767771,bridge,Box culvert,A
819,N1,LRP372b,522.0,367429.0,92.0971663,21.4750549,bridge,Box culvert,B
820,N1,LRP373,21.0,367951.0,92.0997497,21.4713604,link,"Cox,s Bazar 22 km",
821,N1,LRP373a,2.0,367972.0,92.0998886,21.4712216,bridge,Bridge start,A
822,N1,LRP373c,367.0,368565.0,92.1025,21.4667216,bridge,Box culvert,B
823,N1,LRP374,969.0,368932.0,92.1029167,21.4635833,link,"Cox,s Bazar 21 km",
824,N1,LRP375,380.0,369901.0,92.1038056,21.4564722,link,"Cox,s Bazar 20 km",
825,N1,LRP375a,13.0,370281.0,92.10075,21.4545,bridge,Box culvert,A
826,N1,LRP375b,222.0,370703.0,92.0994441,21.4512778,bridge,Box culvert,B
827,N1,LRP376,57.0,370925.0,92.0994997,21.4496108,link,"Cox,s Bazar 19 km",
828,N1,LRP376a,9.2,370982.0,92.0995274,21.4494719,link,"Z1001, Road to Naikkongchhari",A
829,N1,LRP376b,224.0,371580.0,92.1014167,21.443833,bridge,Box culvert,B
830,N1,LRP376c,118.0,371804.0,92.1008611,21.4421663,bridge,Bridge start,B
831,N1,LRP377,467.0,371922.0,92.1003611,21.4413608,link,"Cox,s Bazar 18 km",
832,N1,LRP377a,148.5,372389.0,92.0984997,21.4375552,bridge,Box culvert,A
833,N1,LRP377b,149.0,372733.0,92.0973886,21.434583,bridge,Box culvert,B
834,N1,LRP378,285.0,372882.0,92.0969997,21.4334441,link,"Cox,s Bazar 17 km",
835,N1,LRP378a,4.5,373167.0,92.0961941,21.4310271,bridge,Box culvert,C
836,N1,LRP378b,11.3,373396.0,92.0954997,21.4290271,bridge,Box culvert,C
837,N1,LRP378c,113.0,373475.0,92.0951941,21.4284993,link,Ramu old Section (N109),
838,N1,LRP378d,284.0,373588.0,92.0941663,21.4283604,bridge,Box culvert,B
839,N1,LRP379,191.0,373872.0,92.0914719,21.4281104,link,"Cox,s Bazar 16 km",
840,N1,LRP379a,2.4,374063.0,92.0896108,21.427916,bridge,Bridge start,C
841,N1,LRP379c,8.1,374649.0,92.084083,21.4271104,bridge,Box culvert,C
842,N1,LRP380,176.0,374856.0,92.0821104,21.4269716,link,"Cox,s Bazar 15 km",
843,N1,LRP380a,10.9,375032.0,92.0804716,21.4267771,bridge,Box culvert,A
844,N1,LRP380b,404.0,375416.0,92.0767771,21.4264716,bridge,Box culvert,B
845,N1,LRP381,261.0,375820.0,92.0730827,21.4267216,link,"Cox,s Bazar 14 km",
846,N1,LRP381a,2.2,376081.0,92.0707216,21.427416,bridge,Box culvert,B
847,N1,LRP382,131.0,376820.0,92.0643611,21.4276938,link,Cox's Bazar 13km,
848,N1,LRP382a,3.0,376951.0,92.0632778,21.4270827,bridge,Box culvert,A
849,N1,LRP382b,2.8,377214.0,92.0608333,21.4273327,bridge,Box culvert,A
850,N1,LRP382c,10.0,377551.0,92.0576667,21.4278882,bridge,Box culvert,D
851,N1,LRP382d,29.0,377789.0,92.0554167,21.4280549,bridge,Box culvert,B
852,N1,LRP383,232.0,377818.0,92.0551389,21.4280827,link,"Cox,s Bazar 12 km",
853,N1,LRP383a,1.6,378050.0,92.0529444,21.4280549,bridge,Box culvert,A
854,N1,LRP383b,3.6,378513.0,92.0484441,21.4274993,bridge,Bridge start,A
855,N1,LRP384,234.0,378803.0,92.0461941,21.4287771,link,"Cox,s Bazar 11 km",
856,N1,LRP384a,8.3,379037.0,92.044083,21.4295549,bridge,Box culvert,A
857,N1,LRP384b,22.0,379537.0,92.0392774,21.4298049,bridge,Box culvert,C
858,N1,LRP385,224.0,379791.0,92.0368608,21.4296938,link,"Cox,s Bazar 10 km",
859,N1,LRP385a,2.7,380015.0,92.0348608,21.4289716,bridge,Box culvert,C
860,N1,LRP385b,2.7,380377.0,92.0316104,21.4294438,bridge,Bridge start,B
861,N1,LRP385d,1.8,380651.0,92.0293049,21.430416,bridge,Box culvert,C
862,N1,LRP386,46.0,380757.0,92.0283604,21.430166,link,"Cox,s Bazar 9 km",
863,N1,LRP386a,0.8,380803.0,92.0279716,21.4298882,bridge,Box culvert,A
864,N1,LRP386b,1.5,381416.0,92.0235827,21.4262493,bridge,Box culvert,B
865,N1,LRP386c,1.5,381481.0,92.023166,21.4258604,link,"N110,Link road-Cox' Bazar, (Labonir more)",A
866,N1,LRP387,582.0,381494.0,92.0232493,21.4258049,link,Teknaf 79 km,
867,N1,LRP387a,1.3,382076.0,92.0274438,21.4225549,bridge,Box culvert,A
868,N1,LRP387b,1.3,382147.0,92.0278604,21.4220827,bridge,Box culvert,A
869,N1,LRP388,266.0,382473.0,92.0302493,21.4199716,link,"Teknaf 78 km,Uttia 24 km",
870,N1,LRP388a,1.3,382739.0,92.032416,21.4191104,bridge,Box culvert,A
871,N1,LRP388b,1.3,383188.0,92.0353052,21.4165,bridge,Box culvert,B
872,N1,LRP388c,7.1,383370.0,92.0367219,21.4156389,bridge,Box culvert,C
873,N1,LRP389,235.0,383505.0,92.037833,21.4150556,link,"Teknaf 77 km,Uthia 23 km",
874,N1,LRP389a,2.5,383740.0,92.0393886,21.4135833,bridge,Box culvert,A
875,N1,LRP389b,1.3,384107.0,92.039583,21.4120556,bridge,Box culvert,A
876,N1,LRP389c,2.2,384279.0,92.0438052,21.4115,bridge,Bridge start,C
877,N1,LRP389e,57.0,384490.0,92.0453052,21.4103056,bridge,Box culvert,B
878,N1,LRP390,243.0,384547.0,92.0458052,21.4101111,link,"Teknaf 76 km,Uthia 22 km",
879,N1,LRP390a,21.5,384790.0,92.0480552,21.41025,bridge,Box culvert,A
880,N1,LRP390b,273.0,385115.0,92.0508333,21.4103333,bridge,Box culvert,B
881,N1,LRP390c,11.3,385388.0,92.0531944,21.4094167,bridge,Box culvert,C
882,N1,LRP391,210.0,385568.0,92.05475,21.4090833,link,"Teknaf 75 km,Uthia 21 km",
883,N1,LRP391a,14.1,385778.0,92.056,21.4079722,bridge,Box culvert,A
884,N1,LRP391b,293.0,385947.0,92.0570556,21.4067222,bridge,Box culvert,B
885,N1,LRP391c,2.3,386240.0,92.0594167,21.4058611,bridge,Box culvert,B
886,N1,LRP392,157.0,386508.0,92.0619722,21.4040556,link,Km post missing,
887,N1,LRP392a,24.1,386665.0,92.0628333,21.4039167,bridge,Box culvert,C
888,N1,LRP392b,263.0,387146.0,92.0658611,21.4008889,bridge,Box culvert,B
889,N1,LRP392c,181.0,387409.0,92.0665556,21.3986941,bridge,Bridge start,B
890,N1,LRP392e,19.0,387590.0,92.0668882,21.3971663,bridge,Box culvert,B
891,N1,LRP393,435.0,387609.0,92.066916,21.3969719,link,"Teknaf 74 km,Uthia 20 km",
892,N1,LRP393a,45.6,388044.0,92.068166,21.393333,bridge,Box culvert,C
893,N1,LRP393b,75.0,388528.0,92.0686938,21.3891108,bridge,Bridge start,B
894,N1,LRP394,148.0,388603.0,92.0692771,21.3885274,link,"Teknaf 73 km, Ukhia 19km",
895,N1,LRP394a,11.2,388751.0,92.0697771,21.3873052,bridge,Box culvert,D
896,N1,LRP394b,153.0,388927.0,92.0704438,21.3858886,bridge,Box culvert,B
897,N1,LRP394c,1.3,389080.0,92.0704993,21.384583,bridge,Box culvert,B
898,N1,LRP394d,152.0,389156.0,92.0705827,21.3839441,bridge,Box culvert,B
899,N1,LRP394e,49.3,389308.0,92.0710271,21.3826938,bridge,Box culvert,C
900,N1,LRP394f,30.0,389476.0,92.0710827,21.3813049,bridge,Box culvert,B
901,N1,LRP394g,179.0,389506.0,92.0710827,21.3811104,bridge,Box culvert,B
902,N1,LRP395,91.0,389685.0,92.0706104,21.3796104,link,"Teknaf 72 km,Uthia 18 km",
903,N1,LRP395a,2.4,389776.0,92.0703327,21.378916,bridge,Box culvert,B
904,N1,LRP395b,39.0,389930.0,92.0703604,21.3775827,bridge,Box culvert,B
905,N1,LRP395c,182.0,389969.0,92.0706104,21.3773882,bridge,Box culvert,B
906,N1,LRP395d,165.0,390151.0,92.0718049,21.3762216,bridge,Box culvert,B
907,N1,LRP395e,115.0,390316.0,92.0727771,21.3752493,bridge,Box culvert,B
908,N1,LRP395f,65.0,390431.0,92.0734993,21.3747771,bridge,Box culvert,B
909,N1,LRP395g,173.0,390496.0,92.0739716,21.3745549,bridge,Box culvert,B
910,N1,LRP395h,16.0,390669.0,92.0755271,21.3742493,bridge,Box culvert,B
911,N1,LRP396,158.0,390685.0,92.0756938,21.3742493,link,"Teknaf 71km, Ukhia 17km",
912,N1,LRP396a,2.3,390843.0,92.0768327,21.3736938,bridge,Box culvert,C
913,N1,LRP396b,61.3,390926.0,92.0773327,21.3731938,bridge,Box culvert,D
914,N1,LRP396c,206.0,391155.0,92.0785549,21.3714993,bridge,Box culvert,B
915,N1,LRP396d,262.0,391361.0,92.0796104,21.3698327,bridge,Box culvert,B
916,N1,LRP396e,134.0,391623.0,92.0803327,21.3678882,bridge,Box culvert,B
917,N1,LRP396f,84.0,391757.0,92.0807771,21.3669438,bridge,Box culvert,B
918,N1,LRP397,64.0,391841.0,92.0810549,21.3662778,link,"Teknaf 70 km,Uthia 16 km",
919,N1,LRP397a,151.0,391905.0,92.0812771,21.3657222,bridge,Box culvert,B
920,N1,LRP397b,341.0,392056.0,92.081416,21.3644167,bridge,Box culvert,B
921,N1,LRP397c,428.0,392397.0,92.0806382,21.3615,bridge,Box culvert,B
922,N1,LRP397d,44.0,392825.0,92.0790271,21.3580833,bridge,Box culvert,B
923,N1,LRP398,64.0,392869.0,92.0790271,21.35775,link,"Teknaf 69 km,Uthia 15 km",
924,N1,LRP398a,14.1,392933.0,92.0791104,21.3571944,bridge,Box culvert,A
925,N1,LRP398b,11.0,393029.0,92.0790827,21.3563333,bridge,Box culvert,B
926,N1,LRP398c,305.0,393154.0,92.0790827,21.35525,bridge,Box culvert,B
927,N1,LRP398d,10.3,393459.0,92.0783327,21.3526667,bridge,Box culvert,A
928,N1,LRP399,312.0,393876.0,92.0784716,21.3490552,link,"Teknaf 68 km,Uthia 14 km",
929,N1,LRP399a,561.0,394188.0,92.0790271,21.3463608,bridge,Bridge start,B
930,N1,LRP399c,123.0,394749.0,92.0788327,21.3414997,bridge,Box culvert,B
931,N1,LRP400,268.0,394872.0,92.0784993,21.3404997,link,"Teknaf 67 km,Uthia 13 km",
932,N1,LRP400a,14.0,395140.0,92.078916,21.3381941,bridge,Box culvert,A
933,N1,LRP400b,23.5,395797.0,92.0790827,21.3324716,bridge,Box culvert,A
934,N1,LRP401,158.0,395961.0,92.0788604,21.3311104,link,"Teknaf 66 km,Uthia 12 km",
935,N1,LRP401a,50.6,396119.0,92.0787771,21.3297771,bridge,Khulna Plong Bridge,C
936,N1,LRP402,106.0,396980.0,92.084583,21.324666,link,"Teknaf 65 km,Uthia 11 km",
937,N1,LRP402a,6.6,397086.0,92.085333,21.3241104,bridge,Bridge start,C
938,N1,LRP402c,17.0,397651.0,92.0893052,21.3207493,bridge,Box culvert,A
939,N1,LRP403,115.0,397988.0,92.0916108,21.3187493,link,Km post broken,
940,N1,LRP403a,2.4,398103.0,92.0921663,21.3179438,bridge,Bridge start,A
941,N1,LRP403c,713.0,398205.0,92.0930274,21.317666,link,Road to Ramu(Z1009),
942,N1,LRP403d,8.5,398918.0,92.096333,21.3125,bridge,Bridge start,C
943,N1,LRP404,220.0,398994.0,92.0969163,21.3120278,link,"Teknaf 63 km,Uthia 9 km",
944,N1,LRP404a,2.4,399214.0,92.0974997,21.3101667,link,"Z1503, Maricha Dakbunglow Road",C
945,N1,LRP404b,20.7,399974.0,92.0967497,21.3039722,bridge,Box culvert,B
946,N1,LRP405,555.0,399997.0,92.0968052,21.3037778,link,"Teknaf 62 km,Uthia 8 km",
947,N1,LRP405a,426.0,400552.0,92.0976108,21.2989441,bridge,Box culvert,B
948,N1,LRP405b,82.0,400978.0,92.0993886,21.2956386,bridge,Bridge start,B
949,N1,LRP406,964.0,401060.0,92.0994163,21.2949163,link,"Teknaf 61 km,Uthia 7 km",
950,N1,LRP407,275.0,402024.0,92.1001667,21.2863608,link,"Teknaf 60 km,Uthia 6 km",
951,N1,LRP407a,136.0,402299.0,92.1005278,21.2839441,bridge,Box culvert,B
952,N1,LRP407b,441.0,402435.0,92.10067986442952,21.282777512080536,bridge,Bridge start,B
953,N1,LRP407d,168.0,402876.0,92.1019722,21.2790827,bridge,Box culvert,B
954,N1,LRP408,996.0,403044.0,92.1026111,21.277666,link,"Teknaf 59 km,Uthia 5 km",
955,N1,LRP409,15.0,404040.0,92.1066111,21.2695827,link,"Teknaf 58 km,Uthia 4 km",
956,N1,LRP409a,2.2,404055.0,92.1066667,21.2694716,bridge,Box culvert,B
957,N1,LRP409b,10.9,404347.0,92.1088333,21.2678604,bridge,Bridge start,C
958,N1,LRP409d,2.1,404954.0,92.1134444,21.2646111,bridge,Box Culvert,C
959,N1,LRP410,14.0,405044.0,92.1140833,21.2641111,link,"Teknaf 57 km,Uthia 3 km",
960,N1,LRP410a,2.0,405058.0,92.1141944,21.2639722,bridge,Bridge start,A
961,N1,LRP410c,2.2,405337.0,92.1161667,21.2623611,bridge,Bridge start,A
962,N1,LRP411,224.0,406070.0,92.1214438,21.2580278,link,"Teknaf 56 km,Uthia 2 km",
963,N1,LRP411a,6.4,406294.0,92.122916,21.2565556,bridge,Bridge start,A
964,N1,LRP411c,250.0,406546.0,92.1245827,21.2550278,bridge,Box culvert,B
965,N1,LRP411d,276.0,406796.0,92.1266382,21.2537778,bridge,Box culvert,B
966,N1,LRP412,17.0,407072.0,92.1286104,21.2521944,link,"Teknaf 55 km,Uthia 1 km",
967,N1,LRP412a,3.1,407089.0,92.1287493,21.2521111,bridge,Box culvert,A
968,N1,LRP412b,39.3,407209.0,92.1307493,21.2504722,bridge,Bridge start,A
969,N1,LRP412d,3.0,408080.0,92.1341108,21.248083,bridge,Bridge start,A
970,N1,LRP413,300.0,408134.0,92.1364719,21.2462219,link,Teknaf 54 km,
971,N1,LRP413a,9.4,408434.0,92.1389441,21.2447497,link,"Z1503, Maricha Dukbanglow road",A
972,N1,LRP413b,15.4,408817.0,92.1413608,21.242333,bridge,Bridge start,D
973,N1,LRP414,980.0,409141.0,92.1440552,21.2412497,link,Teknaf 53 km,
974,N1,LRP415,998.0,410121.0,92.1511667,21.2357774,link,Teknaf 52 km,
975,N1,LRP416,1010.0,411119.0,92.1586667,21.236333,link,Teknaf 51km,
976,N1,LRP417,265.0,412129.0,92.1617222,21.2283604,link,Teknaf 50 km,
977,N1,LRP417a,3.0,412394.0,92.1611667,21.2261382,bridge,Box culvert,C
978,N1,LRP417b,4.6,412603.0,92.1614444,21.2243327,bridge,Box culvert,A
979,N1,LRP418,400.0,413131.0,92.1618611,21.2198049,link,Info.Missing,
980,N1,LRP418a,9.4,413531.0,92.1626944,21.2165556,bridge,Box culvert,C
981,N1,LRP418b,15.2,413834.0,92.1649722,21.2152778,bridge,Box culvert,C
982,N1,LRP418c,106.0,414030.0,92.166666,21.2142778,bridge,Box culvert,B
983,N1,LRP419,128.0,414136.0,92.1674438,21.21375,link,Teknaf 47km,
984,N1,LRP419a,57.6,414264.0,92.1678882,21.2127222,bridge,Box culvert,A
985,N1,LRP419b,100.0,414508.0,92.1681382,21.2105833,bridge,Box culvert,B
986,N1,LRP419c,3.3,414608.0,92.168416,21.2096944,bridge,Box culvert,B
987,N1,LRP420,527.0,415144.0,92.1703327,21.2056389,link,Teknaf 46 km,
988,N1,LRP420a,15.4,415671.0,92.170416,21.2011389,bridge,Box culvert,C
989,N1,LRP420b,125.0,415919.0,92.1703604,21.1989997,bridge,Box culvert,B
990,N1,LRP420c,3.3,416044.0,92.1705549,21.1977219,link,"Z1504, Ukhia Gundum Road",A
991,N1,LRP421,47.0,416157.0,92.1707493,21.1969441,link,Info.Missing,
992,N1,LRP421a,12.3,416204.0,92.1708604,21.1965552,bridge,Box culvert,D
993,N1,LRP421b,303.0,416688.0,92.1697216,21.1925552,bridge,Bridge start,B
994,N1,LRP421d,15.2,416991.0,92.167916,21.1906108,bridge,Box culvert,B
995,N1,LRP422,457.0,417164.0,92.166666,21.1897497,link,Info.Missing,
996,N1,LRP422a,1.3,417621.0,92.1638056,21.1866386,bridge,Box culvert,C
997,N1,LRP422b,3.3,417934.0,92.1610833,21.1859441,bridge,Bridge start,A
998,N1,LRP423,699.0,418190.0,92.1594167,21.1843052,link,Info.Missing,
999,N1,LRP423a,1.2,418889.0,92.1574722,21.178666,bridge,Box culvert,C
1000,N1,LRP424,243.0,419180.0,92.1566111,21.1761938,link,Info.Missing,
1001,N1,LRP424a,6.4,419423.0,92.1557222,21.1742771,bridge,Box culvert,A
1002,N1,LRP424b,3.35,419705.0,92.1551389,21.1718327,bridge,Box culvert,A
1003,N1,LRP424c,13.0,419948.0,92.1545833,21.1698049,bridge,Bridge start,C
1004,N1,LRP424e,3.2,420151.0,92.1532778,21.168416,bridge,Box culvert,A
1005,N1,LRP425,65.0,420261.0,92.1527778,21.1677216,link,Info.Missing,
1006,N1,LRP425a,3.4,420326.0,92.1524167,21.1673327,bridge,Box culvert,A
1007,N1,LRP425b,2.8,420579.0,92.1521667,21.1652222,bridge,Bridge start,A
1008,N1,LRP425d,89.0,420806.0,92.1522222,21.16325,bridge,Box culvert,B
1009,N1,LRP425e,1.2,420895.0,92.1522778,21.1624722,bridge,Box Culvert,A
1010,N1,LRP425f,108.0,421131.0,92.1525,21.1604167,bridge,Box culvert,B
1011,N1,LRP426,21.0,421239.0,92.1526111,21.1595,link,Info.Missing,
1012,N1,LRP426a,1.2,421260.0,92.1526111,21.1593056,bridge,Box culvert,A
1013,N1,LRP426b,1.2,421333.0,92.1525,21.1586667,bridge,Box culvert,A
1014,N1,LRP426c,2.8,421688.0,92.1527778,21.1556389,bridge,Box culvert,A
1015,N1,LRP426d,2.8,421905.0,92.1528611,21.1537778,bridge,Box culvert,A
1016,N1,LRP426e,1.2,422117.0,92.1535278,21.1521944,bridge,Box culvert,A
1017,N1,LRP427,538.0,422315.0,92.1545,21.1507222,link,Info.Missing,
1018,N1,LRP427a,1.2,422853.0,92.1574167,21.147333,bridge,Box culvert,C
1019,N1,LRP427b,34.2,423222.0,92.1586389,21.1442774,bridge,Bridge start,A
1020,N1,LRP428,248.0,423322.0,92.1589722,21.1435274,link,Teknaf 38 km,
1021,N1,LRP428a,2.7,423570.0,92.1599167,21.1414997,bridge,Bridge start,A
1022,N1,LRP428c,4.2,424234.0,92.1648611,21.1381108,bridge,Box culvert,A
1023,N1,LRP429,123.0,424350.0,92.1659167,21.1379719,link,Info.Missing,
1024,N1,LRP429a,1.2,424473.0,92.1671104,21.137833,bridge,Box culvert,A
1025,N1,LRP429b,2.8,424604.0,92.1683049,21.1375552,bridge,Box culvert,A
1026,N1,LRP429c,1.2,424875.0,92.1708882,21.1372219,bridge,Box culvert,A
1027,N1,LRP429d,14.0,425075.0,92.1727771,21.1371108,bridge,Box culvert,A
1028,N1,LRP429e,158.0,425195.0,92.173916,21.1368886,bridge,Bridge start,B
1029,N1,LRP430,32.0,425353.0,92.1752493,21.1363886,link,Info.Missing,
1030,N1,LRP430a,1.0,425385.0,92.1755549,21.1363608,bridge,Box culvert,A
1031,N1,LRP430b,1.0,425598.0,92.1770827,21.1353886,bridge,Box culvert,A
1032,N1,LRP430c,3.0,426092.0,92.1806938,21.1333886,bridge,Bridge start,A
1033,N1,LRP430e,97.0,426285.0,92.1824438,21.1329438,bridge,Box culvert,B
1034,N1,LRP431,160.0,426382.0,92.183333,21.1326938,link,Info.Missing,
1035,N1,LRP431a,5.8,426542.0,92.1846108,21.1319716,bridge,Box culvert,A
1036,N1,LRP431b,1.3,426716.0,92.1856941,21.1309716,bridge,Box culvert,A
1037,N1,LRP432,12.0,427382.0,92.1902219,21.1269438,link,Km post missing,
1038,N1,LRP432a,1.2,427394.0,92.1902774,21.1268327,bridge,Box culvert,A
1039,N1,LRP432b,30.9,427731.0,92.1918886,21.1242771,bridge,Box culvert,B
1040,N1,LRP432c,134.0,427772.0,92.1919997,21.1239993,bridge,Box culvert,B
1041,N1,LRP432d,113.0,427906.0,92.1926663,21.1229993,bridge,Box culvert,B
1042,N1,LRP432e,85.0,428019.0,92.1931941,21.122166,bridge,Box culvert,B
1043,N1,LRP432f,283.0,428104.0,92.1935552,21.1214993,bridge,Box culvert,B
1044,N1,LRP433,111.0,428387.0,92.1954719,21.1198604,link,Info.Missing,
1045,N1,LRP433a,1.2,428498.0,92.1960274,21.1190827,bridge,Box culvert,C
1046,N1,LRP433b,9.4,428691.0,92.1966663,21.1175827,bridge,Box culvert,B
1047,N1,LRP433c,11.8,428818.0,92.1969163,21.1165,bridge,Box culvert,B
1048,N1,LRP433d,2.8,428869.0,92.1969997,21.1161389,bridge,Box culvert,C
1049,N1,LRP433e,87.0,428908.0,92.1971386,21.1158333,link,Z1133 Road to Shaplapur,
1050,N1,LRP433f,455.0,428995.0,92.1975552,21.1151667,bridge,Bridge start,B
1051,N1,LRP434,47.0,429450.0,92.2002778,21.1121111,link,Info.Missing,
1052,N1,LRP434a,1.2,429497.0,92.2006389,21.1118611,bridge,Box culvert,C
1053,N1,LRP434b,31.7,429812.0,92.2045278,21.1090556,bridge,Box culvert,C
1054,N1,LRP434c,198.0,430242.0,92.2058611,21.1078333,bridge,Box culvert,B
1055,N1,LRP434d,70.0,430440.0,92.2069444,21.1078333,bridge,Box culvert,B
1056,N1,LRP435,64.0,430510.0,92.20725,21.1058333,link,Km post broken,
1057,N1,LRP435a,1.2,430574.0,92.2073889,21.1053611,bridge,Box culvert,C
1058,N1,LRP435b,1.2,430694.0,92.2075278,21.1043611,bridge,Box culvert,C
1059,N1,LRP435c,6.2,430901.0,92.2077778,21.1026389,bridge,Box culvert,A
1060,N1,LRP435d,220.0,431073.0,92.2081389,21.1012778,bridge,Box culvert,B
1061,N1,LRP435e,285.0,431293.0,92.2091667,21.0996386,bridge,Box culvert,B
1062,N1,LRP436,28.0,431578.0,92.2105,21.0975552,link,Info.Missing,
1063,N1,LRP436a,32.1,431606.0,92.2106111,21.097333,bridge,Box culvert,B
1064,N1,LRP436b,194.0,432005.0,92.2118611,21.0939441,bridge,Bridge start,B
1065,N1,LRP436d,235.0,432199.0,92.2123333,21.0923052,bridge,Box culvert,B
1066,N1,LRP436e,144.0,432434.0,92.2129444,21.090333,bridge,Box culvert,B
1067,N1,LRP437,346.0,432578.0,92.2135,21.0891941,link,Km post missing,
1068,N1,LRP437a,4.4,432924.0,92.2151111,21.0864997,bridge,Box culvert,A
1069,N1,LRP437b,2.9,432992.0,92.2153889,21.0859441,bridge,Box culvert,A
1070,N1,LRP437c,333.0,433245.0,92.2161111,21.0838608,link,Box culvert / Box culvert,
1071,N1,LRP438,105.0,433578.0,92.2169438,21.0811104,link,Km post missing,
1072,N1,LRP438a,2.8,433683.0,92.2174993,21.0803049,bridge,Box culvert,A
1073,N1,LRP438b,2.8,433944.0,92.2186382,21.0783327,bridge,Box culvert,A
1074,N1,LRP438c,1.9,434003.0,92.2189993,21.077916,bridge,Box culvert,A
1075,N1,LRP438d,259.0,434263.0,92.2209993,21.0765549,bridge,Box culvert,B
1076,N1,LRP438e,146.0,434522.0,92.2220549,21.0745271,bridge,Box culvert,B
1077,N1,LRP439,110.0,434668.0,92.2226104,21.0735271,link,Info.Missing,
1078,N1,LRP439a,45.6,434778.0,92.2232216,21.0728327,bridge,Box culvert,B
1079,N1,LRP439b,312.0,434960.0,92.2242216,21.071666,bridge,Box culvert,B
1080,N1,LRP439c,2.8,435272.0,92.2246382,21.0691104,bridge,Box culvert,B
1081,N1,LRP439d,146.0,435522.0,92.2246104,21.0668882,bridge,Box culvert,B
1082,N1,LRP440,78.0,435668.0,92.2245549,21.0655833,link,Km post missing,
1083,N1,LRP440a,12.5,435746.0,92.2245271,21.0650556,bridge,Box culvert,C
1084,N1,LRP440b,188.0,436007.0,92.2254993,21.063,bridge,Box culvert,B
1085,N1,LRP440c,204.0,436195.0,92.2262771,21.0615556,bridge,Box culvert,B
1086,N1,LRP440d,357.0,436399.0,92.2263882,21.0597778,bridge,Bridge start,B
1087,N1,LRP441,184.0,436756.0,92.2266104,21.0565833,link,Info.Missing,
1088,N1,LRP441a,29.9,436940.0,92.2268049,21.0549722,bridge,Box culvert,C
1089,N1,LRP441b,163.0,437588.0,92.2302493,21.0513611,bridge,Bridge start,B
1090,N1,LRP442,64.0,437751.0,92.2317493,21.0513056,link,Teknaf 24 km,
1091,N1,LRP442a,1.2,437815.0,92.2323327,21.0512778,bridge,Box culvert,C
1092,N1,LRP442b,328.0,438004.0,92.2338608,21.0507222,bridge,Box culvert,B
1093,N1,LRP442c,381.0,438332.0,92.2346386,21.0479441,bridge,Box culvert,B
1094,N1,LRP442d,87.0,438713.0,92.2356941,21.0446941,bridge,Box culvert,B
1095,N1,LRP443,397.0,438800.0,92.2359441,21.0439163,link,Teknaf 23 km,
1096,N1,LRP443a,36.6,439197.0,92.2374997,21.0407497,bridge,Box culvert,A
1097,N1,LRP443b,312.0,439737.0,92.2396941,21.0363608,bridge,Bridge start,B
1098,N1,LRP444,203.0,440049.0,92.2407774,21.0338608,link,Teknaf 21 km,
1099,N1,LRP444a,1.2,440252.0,92.241083,21.0321104,bridge,Box culvert,A
1100,N1,LRP444b,8.8,440485.0,92.2413608,21.0300549,bridge,Box culvert,B
1101,N1,LRP444c,1.2,440839.0,92.2416941,21.0269438,bridge,Box culvert,A
1102,N1,LRP445,244.0,441048.0,92.2418608,21.0249993,link,Km post missing,
1103,N1,LRP445a,9.2,441292.0,92.2420274,21.0228882,bridge,Bridge start,A
1104,N1,LRP446,207.0,441811.0,92.2431386,21.0186104,link,Infor.missing,
1105,N1,LRP446a,7.5,442018.0,92.2440274,21.0169993,bridge,Box culvert,A
1106,N1,LRP446b,35.5,442274.0,92.245333,21.0150833,bridge,Box culvert,A
1107,N1,LRP447,91.0,442881.0,92.2487219,21.0107222,link,Teknaf 20 km,
1108,N1,LRP447a,2.7,442972.0,92.2492497,21.0101389,bridge,Box culvert,A
1109,N1,LRP447b,1.2,443288.0,92.251,21.0078889,bridge,Box culvert,A
1110,N1,LRP447c,38.6,443489.0,92.2520833,21.0064444,bridge,Box culvert,C
1111,N1,LRP448,445.0,443913.0,92.2531944,21.0029444,link,Teknaf 29 km,
1112,N1,LRP448a,51.0,444358.0,92.2537778,20.9990274,bridge,Bridge start,B
1113,N1,LRP448c,13.5,444911.0,92.2545278,20.9942497,bridge,Box culvert,A
1114,N1,LRP449,742.0,444945.0,92.2546111,20.9940274,link,Teknaf 18 km,
1115,N1,LRP449a,13.5,445687.0,92.2545556,20.9875274,bridge,Box culvert,A
1116,N1,LRP450,892.0,445964.0,92.2536389,20.9852774,link,Infor.missing,
1117,N1,LRP450a,37.6,446856.0,92.25075,20.9778049,bridge,Bridge start,B
1118,N1,LRP451,861.0,446964.0,92.2502222,20.9769438,link,Km post missing,
1119,N1,LRP451a,1.2,447825.0,92.2485552,20.9697216,bridge,Box culvert,B
1120,N1,LRP452,119.0,447999.0,92.2488052,20.9682771,link,Infor.missing,
1121,N1,LRP452a,30.0,448118.0,92.2491663,20.9673604,bridge,Bridge start,A
1122,N1,LRP452c,2.8,448497.0,92.2515278,20.9648611,bridge,Box culvert,A
1123,N1,LRP452d,2.8,448820.0,92.2528889,20.9622778,bridge,Bridge start,A
1124,N1,LRP453,302.0,449019.0,92.2535,20.9606389,link,Info.Missing,
1125,N1,LRP453a,15.1,449321.0,92.2543056,20.9580833,bridge,Box culvert,A
1126,N1,LRP453b,336.0,449491.0,92.2548056,20.9566667,bridge,Box culvert,B
1127,N1,LRP453c,93.0,449827.0,92.2559722,20.9538889,bridge,Box culvert,B
1128,N1,LRP453d,120.0,449920.0,92.2562778,20.9531667,bridge,Box culvert,B
1129,N1,LRP453e,16.0,450040.0,92.2566111,20.95225,bridge,Box culvert,B
1130,N1,LRP454,335.0,450056.0,92.2566944,20.9521667,link,Info.Missing,
1131,N1,LRP454a,9.0,450391.0,92.25817740896414,20.94957125079681,bridge,Box culvert,A
1132,N1,LRP454b,9.0,450558.0,92.2589167,20.9482774,bridge,Bridge start,A
1133,N1,LRP454d,187.0,450934.0,92.2603333,20.9459163,bridge,Box culvert,B
1134,N1,LRP455,99.0,451121.0,92.2603333,20.9445552,link,Info.Missing,
1135,N1,LRP455a,37.3,451220.0,92.2603056,20.9436941,bridge,Box culvert,B
1136,N1,LRP455b,149.0,451972.0,92.2623333,20.9373886,bridge,Bridge start,B
1137,N1,LRP456,12.0,452121.0,92.2628611,20.9361663,link,Km post missing,
1138,N1,LRP456a,1.5,452133.0,92.2628611,20.9361108,bridge,Box culvert,A
1139,N1,LRP456b,1.5,452299.0,92.2631667,20.9346663,bridge,Box culvert,C
1140,N1,LRP456c,35.9,452339.0,92.26325,20.934333,bridge,Box culvert,C
1141,N1,LRP456d,388.0,452489.0,92.2635,20.9330549,bridge,Box culvert,B
1142,N1,LRP456e,293.0,452877.0,92.2641111,20.929666,bridge,Bridge start,B
1143,N1,LRP457,381.0,453170.0,92.2644444,20.9270827,link,Infor.missing,
1144,N1,LRP457a,581.0,453551.0,92.2653889,20.9238882,bridge,Bridge start,B
1145,N1,LRP457c,72.0,454132.0,92.268416,20.9195827,bridge,Bridge start,B
1146,N1,LRP457e,30.0,454204.0,92.2686382,20.9189993,bridge,Box Culvert,B
1147,N1,LRP458,140.0,454234.0,92.2687771,20.9187771,link,Teknaf 8 km,
1148,N1,LRP458a,255.0,454374.0,92.2692493,20.9176382,bridge,Box Culvert,B
1149,N1,LRP458b,270.0,454629.0,92.2704993,20.9157222,bridge,Bridge start,B
1150,N1,LRP458d,83.0,454899.0,92.2718604,20.9136389,bridge,Box Culvert,B
1151,N1,LRP458e,118.0,454982.0,92.2721938,20.9132778,bridge,Box culvert,B
1152,N1,LRP458f,26.0,455100.0,92.2729716,20.9123889,bridge,Box Culvert,B
1153,N1,LRP459,446.0,455126.0,92.2729438,20.9122222,link,Teknaf 7 km,
1154,N1,LRP459a,285.0,455572.0,92.275166,20.9088889,bridge,Bridge start,B
1155,N1,LRP459c,123.0,455857.0,92.2764993,20.90675,bridge,Box Culvert,B
1156,N1,LRP459d,146.0,455980.0,92.2771104,20.9059444,bridge,Box culvert,B
1157,N1,LRP460,17.0,456126.0,92.277916,20.9048333,link,Km post missing,
1158,N1,LRP460a,194.0,456143.0,92.2779716,20.9047222,bridge,Box Culvert,B
1159,N1,LRP460b,103.0,456337.0,92.2789438,20.9033333,bridge,Box Culvert,B
1160,N1,LRP460c,311.0,456440.0,92.279416,20.9027222,bridge,Box culvert,B
1161,N1,LRP460d,149.0,456751.0,92.2807216,20.9003333,bridge,Bridge start,B
1162,N1,LRP460f,164.0,456900.0,92.2817216,20.8994441,bridge,Box culvert,B
1163,N1,LRP460g,62.0,457064.0,92.2828604,20.8984719,bridge,Bridge start,B
1164,N1,LRP461,22.0,457126.0,92.2832493,20.8981108,link,Km post missing,
1165,N1,LRP461a,53.0,457148.0,92.283333,20.8980274,bridge,Box culvert,B
1166,N1,LRP461b,210.0,457201.0,92.2836941,20.8977497,bridge,Box culvert,B
1167,N1,LRP461c,80.0,457411.0,92.2854441,20.8969163,bridge,Bridge start,B
1168,N1,LRP461e,219.0,457491.0,92.286083,20.8965552,bridge,Box culvert,B
1169,N1,LRP461f,84.0,457710.0,92.2877219,20.8953608,bridge,Box culvert,B
1170,N1,LRP461g,103.0,457794.0,92.2881941,20.8948052,bridge,Box culvert,B
1171,N1,LRP461h,129.0,457897.0,92.2887774,20.894083,bridge,Bridge start,B
1172,N1,LRP461j,79.0,458026.0,92.2896386,20.8932774,bridge,Box culvert,B
1173,N1,LRP461k,21.0,458105.0,92.2901386,20.8927774,bridge,Box culvert,B
1174,N1,LRP462,171.0,458126.0,92.2902774,20.8926386,link,Km post missing,
1175,N1,LRP462a,76.0,458297.0,92.2916663,20.8919163,bridge,Bridge start,B
1176,N1,LRP463,742.0,458373.0,92.2923052,20.891833,link,Teknaf 4 km,
1177,N1,LRP463a,273.0,459115.0,92.2982497,20.8889163,bridge,Bridge start,B
1178,N1,LRP464,133.0,459388.0,92.2996386,20.8869441,link,Info.Missing,
1179,N1,LRP464a,474.0,459521.0,92.2991941,20.8858608,bridge,Box culvert,B
1180,N1,LRP464b,431.0,459995.0,92.2977774,20.8820271,bridge,Box culvert,B
1181,N1,LRP465,163.0,460426.0,92.2977774,20.8782216,link,Teknaf 2 km,
1182,N1,LRP465a,837.0,460589.0,92.2978886,20.8768604,bridge,Bridge start,B
1183,N1,LRP466,50.0,461426.0,92.2981386,20.8692771,link,Km post missing,
1184,N1,LRP466a,428.0,461476.0,92.2982219,20.8688604,bridge,Box culvert,B
1185,N1,LRP466b,220.0,461904.0,92.2982497,20.8650278,bridge,Bridge start,B
1186,N1,LRP467,130.0,462124.0,92.298083,20.8629722,link,Infor.missing,
1187,N1,LRPE,,462254.0,92.298083,20.8629167,link,"End of Road at Shapla Chattar ,Teknaf Meet with Z1098 &Z1099.",
