,id,drive_time,exp,sce
0,Truck4320,215,2,2
1,Truck4321,215,2,2
2,Truck4322,215,2,2
3,Truck4323,215,2,2
4,Truck4324,215,2,2
5,Truck4325,215,2,2
6,Truck4326,215,2,2
7,Truck4327,215,2,2
8,Truck4328,215,2,2
9,Truck4329,215,2,2
10,Truck4330,215,2,2
11,Truck4331,215,2,2
12,Truck4332,215,2,2
13,Truck4333,215,2,2
14,Truck4334,215,2,2
15,Truck4335,215,2,2
16,Truck4336,215,2,2
17,Truck4337,215,2,2
18,Truck4338,215,2,2
19,Truck4339,215,2,2
20,Truck4340,215,2,2
21,Truck4341,215,2,2
22,Truck4342,215,2,2
23,Truck4343,215,2,2
24,Truck4344,215,2,2
25,Truck4345,215,2,2
26,Truck4346,215,2,2
27,Truck4347,215,2,2
28,Truck4348,215,2,2
29,Truck4349,215,2,2
30,Truck4350,215,2,2
31,Truck4351,215,2,2
32,Truck4352,215,2,2
33,Truck4353,215,2,2
34,Truck4354,215,2,2
35,Truck4355,215,2,2
36,Truck4356,215,2,2
37,Truck4357,215,2,2
38,Truck4358,215,2,2
39,Truck4359,215,2,2
40,Truck4360,215,2,2
41,Truck4361,215,2,2
42,Truck4362,215,2,2
43,Truck4363,215,2,2
44,Truck4364,215,2,2
45,Truck4365,215,2,2
46,Truck4366,215,2,2
47,Truck4367,215,2,2
48,Truck4368,215,2,2
49,Truck4369,215,2,2
50,Truck4370,215,2,2
51,Truck4371,215,2,2
52,Truck4372,215,2,2
53,Truck4373,215,2,2
54,Truck4374,215,2,2
55,Truck4375,215,2,2
56,Truck4376,215,2,2
57,Truck4377,215,2,2
58,Truck4378,215,2,2
59,Truck4379,215,2,2
60,Truck4380,215,2,2
61,Truck4381,215,2,2
62,Truck4382,215,2,2
63,Truck4383,215,2,2
64,Truck4384,215,2,2
65,Truck4385,215,2,2
66,Truck4386,215,2,2
67,Truck4387,215,2,2
68,Truck4388,215,2,2
69,Truck4389,215,2,2
70,Truck4390,215,2,2
71,Truck4391,215,2,2
72,Truck4392,215,2,2
73,Truck4393,215,2,2
74,Truck4394,215,2,2
75,Truck4395,215,2,2
76,Truck4396,215,2,2
77,Truck4397,215,2,2
78,Truck4398,215,2,2
79,Truck4399,215,2,2
80,Truck4400,215,2,2
81,Truck4401,215,2,2
82,Truck4402,215,2,2
83,Truck4403,215,2,2
84,Truck4404,215,2,2
85,Truck4405,215,2,2
86,Truck4406,215,2,2
87,Truck4407,215,2,2
88,Truck4408,215,2,2
89,Truck4409,215,2,2
90,Truck4410,215,2,2
91,Truck4411,215,2,2
92,Truck4412,215,2,2
93,Truck4413,215,2,2
94,Truck4414,215,2,2
95,Truck4415,215,2,2
96,Truck4416,215,2,2
97,Truck4417,215,2,2
98,Truck4418,215,2,2
99,Truck4419,215,2,2
100,Truck4420,215,2,2
101,Truck4421,215,2,2
102,Truck4422,215,2,2
103,Truck4423,215,2,2
104,Truck4424,215,2,2
105,Truck4425,215,2,2
106,Truck4426,215,2,2
107,Truck4427,215,2,2
108,Truck4428,215,2,2
109,Truck4429,215,2,2
110,Truck4430,215,2,2
111,Truck4431,215,2,2
112,Truck4432,215,2,2
113,Truck4433,215,2,2
114,Truck4434,215,2,2
115,Truck4435,215,2,2
116,Truck4436,215,2,2
117,Truck4437,215,2,2
118,Truck4438,215,2,2
119,Truck4439,215,2,2
120,Truck4440,215,2,2
121,Truck4441,215,2,2
122,Truck4442,215,2,2
123,Truck4443,215,2,2
124,Truck4444,215,2,2
125,Truck4445,215,2,2
126,Truck4446,215,2,2
127,Truck4447,215,2,2
128,Truck4448,215,2,2
129,Truck4449,215,2,2
130,Truck4450,215,2,2
131,Truck4451,215,2,2
132,Truck4452,215,2,2
133,Truck4453,215,2,2
134,Truck4454,215,2,2
135,Truck4455,215,2,2
136,Truck4456,215,2,2
137,Truck4457,215,2,2
138,Truck4458,215,2,2
139,Truck4459,215,2,2
140,Truck4460,215,2,2
141,Truck4461,215,2,2
142,Truck4462,215,2,2
143,Truck4463,215,2,2
144,Truck4464,215,2,2
145,Truck4465,215,2,2
146,Truck4466,215,2,2
147,Truck4467,215,2,2
148,Truck4468,215,2,2
149,Truck4469,215,2,2
150,Truck4470,215,2,2
151,Truck4471,215,2,2
152,Truck4472,215,2,2
153,Truck4473,215,2,2
154,Truck4474,215,2,2
155,Truck4475,215,2,2
156,Truck4476,215,2,2
157,Truck4477,215,2,2
158,Truck4478,215,2,2
159,Truck4479,215,2,2
160,Truck4480,215,2,2
161,Truck4481,215,2,2
162,Truck4482,215,2,2
163,Truck4483,215,2,2
164,Truck4484,215,2,2
165,Truck4485,215,2,2
166,Truck4486,215,2,2
167,Truck4487,215,2,2
168,Truck4488,215,2,2
169,Truck4489,215,2,2
170,Truck4490,215,2,2
171,Truck4491,215,2,2
172,Truck4492,215,2,2
173,Truck4493,215,2,2
174,Truck4494,215,2,2
175,Truck4495,215,2,2
176,Truck4496,215,2,2
177,Truck4497,215,2,2
178,Truck4498,215,2,2
179,Truck4499,215,2,2
180,Truck4500,215,2,2
181,Truck4501,215,2,2
182,Truck4502,215,2,2
183,Truck4503,215,2,2
184,Truck4504,215,2,2
185,Truck4505,215,2,2
186,Truck4506,215,2,2
187,Truck4507,215,2,2
188,Truck4508,215,2,2
189,Truck4509,215,2,2
190,Truck4510,215,2,2
191,Truck4511,215,2,2
192,Truck4512,215,2,2
193,Truck4513,215,2,2
194,Truck4514,215,2,2
195,Truck4515,215,2,2
196,Truck4516,215,2,2
197,Truck4517,215,2,2
198,Truck4518,215,2,2
199,Truck4519,215,2,2
200,Truck4520,215,2,2
201,Truck4521,215,2,2
202,Truck4522,215,2,2
203,Truck4523,215,2,2
204,Truck4524,215,2,2
205,Truck4525,215,2,2
206,Truck4526,215,2,2
207,Truck4527,215,2,2
208,Truck4528,215,2,2
209,Truck4529,215,2,2
210,Truck4530,215,2,2
211,Truck4531,215,2,2
212,Truck4532,215,2,2
213,Truck4533,215,2,2
214,Truck4534,215,2,2
215,Truck4535,215,2,2
216,Truck4536,215,2,2
217,Truck4537,215,2,2
218,Truck4538,215,2,2
219,Truck4539,215,2,2
220,Truck4540,215,2,2
221,Truck4541,215,2,2
222,Truck4542,215,2,2
223,Truck4543,215,2,2
224,Truck4544,215,2,2
225,Truck4545,215,2,2
226,Truck4546,215,2,2
227,Truck4547,215,2,2
228,Truck4548,215,2,2
229,Truck4549,215,2,2
230,Truck4550,215,2,2
231,Truck4551,215,2,2
232,Truck4552,215,2,2
233,Truck4553,215,2,2
234,Truck4554,215,2,2
235,Truck4555,215,2,2
236,Truck4556,215,2,2
237,Truck4557,215,2,2
238,Truck4558,215,2,2
239,Truck4559,215,2,2
240,Truck4560,215,2,2
241,Truck4561,215,2,2
242,Truck4562,215,2,2
243,Truck4563,215,2,2
244,Truck4564,215,2,2
245,Truck4565,215,2,2
246,Truck4566,215,2,2
247,Truck4567,215,2,2
248,Truck4568,215,2,2
249,Truck4569,215,2,2
250,Truck4570,215,2,2
251,Truck4571,215,2,2
252,Truck4572,215,2,2
253,Truck4573,215,2,2
254,Truck4574,215,2,2
255,Truck4575,215,2,2
256,Truck4576,215,2,2
257,Truck4577,215,2,2
258,Truck4578,215,2,2
259,Truck4579,215,2,2
260,Truck4580,215,2,2
261,Truck4581,215,2,2
262,Truck4582,215,2,2
263,Truck4583,215,2,2
264,Truck4584,215,2,2
265,Truck4585,215,2,2
266,Truck4586,215,2,2
267,Truck4587,215,2,2
268,Truck4588,215,2,2
269,Truck4589,215,2,2
270,Truck4590,215,2,2
271,Truck4591,215,2,2
272,Truck4592,215,2,2
273,Truck4593,215,2,2
274,Truck4594,215,2,2
275,Truck4595,215,2,2
276,Truck4596,215,2,2
277,Truck4597,215,2,2
278,Truck4598,215,2,2
279,Truck4599,215,2,2
280,Truck4600,215,2,2
281,Truck4601,215,2,2
282,Truck4602,215,2,2
283,Truck4603,215,2,2
284,Truck4604,215,2,2
285,Truck4605,215,2,2
286,Truck4606,215,2,2
287,Truck4607,215,2,2
288,Truck4608,215,2,2
289,Truck4609,215,2,2
290,Truck4610,215,2,2
291,Truck4611,215,2,2
292,Truck4612,215,2,2
293,Truck4613,215,2,2
294,Truck4614,215,2,2
295,Truck4615,215,2,2
296,Truck4616,215,2,2
297,Truck4617,215,2,2
298,Truck4618,215,2,2
299,Truck4619,215,2,2
300,Truck4620,215,2,2
301,Truck4621,215,2,2
302,Truck4622,215,2,2
303,Truck4623,215,2,2
304,Truck4624,215,2,2
305,Truck4625,215,2,2
306,Truck4626,215,2,2
307,Truck4627,215,2,2
308,Truck4628,215,2,2
309,Truck4629,215,2,2
310,Truck4630,215,2,2
311,Truck4631,215,2,2
312,Truck4632,215,2,2
313,Truck4633,215,2,2
314,Truck4634,215,2,2
315,Truck4635,215,2,2
316,Truck4636,215,2,2
317,Truck4637,215,2,2
318,Truck4638,215,2,2
319,Truck4639,215,2,2
320,Truck4640,215,2,2
321,Truck4641,215,2,2
322,Truck4642,215,2,2
323,Truck4643,215,2,2
324,Truck4644,215,2,2
325,Truck4645,215,2,2
326,Truck4646,215,2,2
327,Truck4647,215,2,2
328,Truck4648,215,2,2
329,Truck4649,215,2,2
330,Truck4650,215,2,2
331,Truck4651,215,2,2
332,Truck4652,215,2,2
333,Truck4653,215,2,2
334,Truck4654,215,2,2
335,Truck4655,215,2,2
336,Truck4656,215,2,2
337,Truck4657,215,2,2
338,Truck4658,215,2,2
339,Truck4659,215,2,2
340,Truck4660,215,2,2
341,Truck4661,215,2,2
342,Truck4662,215,2,2
343,Truck4663,215,2,2
344,Truck4664,215,2,2
345,Truck4665,215,2,2
346,Truck4666,215,2,2
347,Truck4667,215,2,2
348,Truck4668,215,2,2
349,Truck4669,215,2,2
350,Truck4670,215,2,2
351,Truck4671,215,2,2
352,Truck4672,215,2,2
353,Truck4673,215,2,2
354,Truck4674,215,2,2
355,Truck4675,215,2,2
356,Truck4676,215,2,2
357,Truck4677,215,2,2
358,Truck4678,215,2,2
359,Truck4679,215,2,2
360,Truck4680,215,2,2
361,Truck4681,215,2,2
362,Truck4682,215,2,2
363,Truck4683,215,2,2
364,Truck4684,215,2,2
365,Truck4685,215,2,2
366,Truck4686,215,2,2
367,Truck4687,215,2,2
368,Truck4688,215,2,2
369,Truck4689,215,2,2
370,Truck4690,215,2,2
371,Truck4691,215,2,2
372,Truck4692,215,2,2
373,Truck4693,215,2,2
374,Truck4694,215,2,2
375,Truck4695,215,2,2
376,Truck4696,215,2,2
377,Truck4697,215,2,2
378,Truck4698,215,2,2
379,Truck4699,215,2,2
380,Truck4700,215,2,2
381,Truck4701,215,2,2
382,Truck4702,215,2,2
383,Truck4703,215,2,2
384,Truck4704,215,2,2
385,Truck4705,215,2,2
386,Truck4706,215,2,2
387,Truck4707,215,2,2
388,Truck4708,215,2,2
389,Truck4709,215,2,2
390,Truck4710,215,2,2
391,Truck4711,215,2,2
392,Truck4712,215,2,2
393,Truck4713,215,2,2
394,Truck4714,215,2,2
395,Truck4715,215,2,2
396,Truck4716,215,2,2
397,Truck4717,215,2,2
398,Truck4718,215,2,2
399,Truck4719,215,2,2
400,Truck4720,215,2,2
401,Truck4721,215,2,2
402,Truck4722,215,2,2
403,Truck4723,215,2,2
404,Truck4724,215,2,2
405,Truck4725,215,2,2
406,Truck4726,215,2,2
407,Truck4727,215,2,2
408,Truck4728,215,2,2
409,Truck4729,215,2,2
410,Truck4730,215,2,2
411,Truck4731,215,2,2
412,Truck4732,215,2,2
413,Truck4733,215,2,2
414,Truck4734,215,2,2
415,Truck4735,215,2,2
416,Truck4736,215,2,2
417,Truck4737,215,2,2
418,Truck4738,215,2,2
419,Truck4739,215,2,2
420,Truck4740,215,2,2
421,Truck4741,215,2,2
422,Truck4742,215,2,2
423,Truck4743,215,2,2
424,Truck4744,215,2,2
425,Truck4745,215,2,2
426,Truck4746,215,2,2
427,Truck4747,215,2,2
428,Truck4748,215,2,2
429,Truck4749,215,2,2
430,Truck4750,215,2,2
431,Truck4751,215,2,2
432,Truck4752,215,2,2
433,Truck4753,215,2,2
434,Truck4754,215,2,2
435,Truck4755,215,2,2
436,Truck4756,215,2,2
437,Truck4757,215,2,2
438,Truck4758,215,2,2
439,Truck4759,215,2,2
440,Truck4760,215,2,2
441,Truck4761,215,2,2
442,Truck4762,215,2,2
443,Truck4763,215,2,2
444,Truck4764,215,2,2
445,Truck4765,215,2,2
446,Truck4766,215,2,2
447,Truck4767,215,2,2
448,Truck4768,215,2,2
449,Truck4769,215,2,2
450,Truck4770,215,2,2
451,Truck4771,215,2,2
452,Truck4772,215,2,2
453,Truck4773,215,2,2
454,Truck4774,215,2,2
455,Truck4775,215,2,2
456,Truck4776,215,2,2
457,Truck4777,215,2,2
458,Truck4778,215,2,2
459,Truck4779,215,2,2
460,Truck4780,215,2,2
461,Truck4781,215,2,2
462,Truck4782,215,2,2
463,Truck4783,215,2,2
464,Truck4784,215,2,2
465,Truck4785,215,2,2
466,Truck4786,215,2,2
467,Truck4787,215,2,2
468,Truck4788,215,2,2
469,Truck4789,215,2,2
470,Truck4790,215,2,2
471,Truck4791,215,2,2
472,Truck4792,215,2,2
473,Truck4793,215,2,2
474,Truck4794,215,2,2
475,Truck4795,215,2,2
476,Truck4796,215,2,2
477,Truck4797,215,2,2
478,Truck4798,215,2,2
479,Truck4799,215,2,2
480,Truck4800,215,2,2
481,Truck4801,215,2,2
482,Truck4802,215,2,2
483,Truck4803,215,2,2
484,Truck4804,215,2,2
485,Truck4805,215,2,2
486,Truck4806,215,2,2
487,Truck4807,215,2,2
488,Truck4808,215,2,2
489,Truck4809,215,2,2
490,Truck4810,215,2,2
491,Truck4811,215,2,2
492,Truck4812,215,2,2
493,Truck4813,215,2,2
494,Truck4814,215,2,2
495,Truck4815,215,2,2
496,Truck4816,215,2,2
497,Truck4817,215,2,2
498,Truck4818,215,2,2
499,Truck4819,215,2,2
500,Truck4820,215,2,2
501,Truck4821,215,2,2
502,Truck4822,215,2,2
503,Truck4823,215,2,2
504,Truck4824,215,2,2
505,Truck4825,215,2,2
506,Truck4826,215,2,2
507,Truck4827,215,2,2
508,Truck4828,215,2,2
509,Truck4829,215,2,2
510,Truck4830,215,2,2
511,Truck4831,215,2,2
512,Truck4832,215,2,2
513,Truck4833,215,2,2
514,Truck4834,215,2,2
515,Truck4835,215,2,2
516,Truck4836,215,2,2
517,Truck4837,215,2,2
518,Truck4838,215,2,2
519,Truck4839,215,2,2
520,Truck4840,215,2,2
521,Truck4841,215,2,2
522,Truck4842,215,2,2
523,Truck4843,215,2,2
524,Truck4844,215,2,2
525,Truck4845,215,2,2
526,Truck4846,215,2,2
527,Truck4847,215,2,2
528,Truck4848,215,2,2
529,Truck4849,215,2,2
530,Truck4850,215,2,2
531,Truck4851,215,2,2
532,Truck4852,215,2,2
533,Truck4853,215,2,2
534,Truck4854,215,2,2
535,Truck4855,215,2,2
536,Truck4856,215,2,2
537,Truck4857,215,2,2
538,Truck4858,215,2,2
539,Truck4859,215,2,2
540,Truck4860,215,2,2
541,Truck4861,215,2,2
542,Truck4862,215,2,2
543,Truck4863,215,2,2
544,Truck4864,215,2,2
545,Truck4865,215,2,2
546,Truck4866,215,2,2
547,Truck4867,215,2,2
548,Truck4868,215,2,2
549,Truck4869,215,2,2
550,Truck4870,215,2,2
551,Truck4871,215,2,2
552,Truck4872,215,2,2
553,Truck4873,215,2,2
554,Truck4874,215,2,2
555,Truck4875,215,2,2
556,Truck4876,215,2,2
557,Truck4877,215,2,2
558,Truck4878,215,2,2
559,Truck4879,215,2,2
560,Truck4880,215,2,2
561,Truck4881,215,2,2
562,Truck4882,215,2,2
563,Truck4883,215,2,2
564,Truck4884,215,2,2
565,Truck4885,215,2,2
566,Truck4886,215,2,2
567,Truck4887,215,2,2
568,Truck4888,215,2,2
569,Truck4889,215,2,2
570,Truck4890,215,2,2
571,Truck4891,215,2,2
572,Truck4892,215,2,2
573,Truck4893,215,2,2
574,Truck4894,215,2,2
575,Truck4895,215,2,2
576,Truck4896,215,2,2
577,Truck4897,215,2,2
578,Truck4898,215,2,2
579,Truck4899,215,2,2
580,Truck4900,215,2,2
581,Truck4901,215,2,2
582,Truck4902,215,2,2
583,Truck4903,215,2,2
584,Truck4904,215,2,2
585,Truck4905,215,2,2
586,Truck4906,215,2,2
587,Truck4907,215,2,2
588,Truck4908,215,2,2
589,Truck4909,215,2,2
590,Truck4910,215,2,2
591,Truck4911,215,2,2
592,Truck4912,215,2,2
593,Truck4913,215,2,2
594,Truck4914,215,2,2
595,Truck4915,215,2,2
596,Truck4916,215,2,2
597,Truck4917,215,2,2
598,Truck4918,215,2,2
599,Truck4919,215,2,2
600,Truck4920,215,2,2
601,Truck4921,215,2,2
602,Truck4922,215,2,2
603,Truck4923,215,2,2
604,Truck4924,215,2,2
605,Truck4925,215,2,2
606,Truck4926,215,2,2
607,Truck4927,215,2,2
608,Truck4928,215,2,2
609,Truck4929,215,2,2
610,Truck4930,215,2,2
611,Truck4931,215,2,2
612,Truck4932,215,2,2
613,Truck4933,215,2,2
614,Truck4934,215,2,2
615,Truck4935,215,2,2
616,Truck4936,215,2,2
617,Truck4937,215,2,2
618,Truck4938,215,2,2
619,Truck4939,215,2,2
620,Truck4940,215,2,2
621,Truck4941,215,2,2
622,Truck4942,215,2,2
623,Truck4943,215,2,2
624,Truck4944,215,2,2
625,Truck4945,215,2,2
626,Truck4946,215,2,2
627,Truck4947,215,2,2
628,Truck4948,215,2,2
629,Truck4949,215,2,2
630,Truck4950,215,2,2
631,Truck4951,215,2,2
632,Truck4952,215,2,2
633,Truck4953,215,2,2
634,Truck4954,215,2,2
635,Truck4955,215,2,2
636,Truck4956,215,2,2
637,Truck4957,215,2,2
638,Truck4958,215,2,2
639,Truck4959,215,2,2
640,Truck4960,215,2,2
641,Truck4961,215,2,2
642,Truck4962,215,2,2
643,Truck4963,215,2,2
644,Truck4964,215,2,2
645,Truck4965,215,2,2
646,Truck4966,215,2,2
647,Truck4967,215,2,2
648,Truck4968,215,2,2
649,Truck4969,215,2,2
650,Truck4970,215,2,2
651,Truck4971,215,2,2
652,Truck4972,215,2,2
653,Truck4973,215,2,2
654,Truck4974,215,2,2
655,Truck4975,215,2,2
656,Truck4976,215,2,2
657,Truck4977,215,2,2
658,Truck4978,215,2,2
659,Truck4979,215,2,2
660,Truck4980,215,2,2
661,Truck4981,215,2,2
662,Truck4982,215,2,2
663,Truck4983,215,2,2
664,Truck4984,215,2,2
665,Truck4985,215,2,2
666,Truck4986,215,2,2
667,Truck4987,215,2,2
668,Truck4988,215,2,2
669,Truck4989,215,2,2
670,Truck4990,215,2,2
671,Truck4991,215,2,2
672,Truck4992,215,2,2
673,Truck4993,215,2,2
674,Truck4994,215,2,2
675,Truck4995,215,2,2
676,Truck4996,215,2,2
677,Truck4997,215,2,2
678,Truck4998,215,2,2
679,Truck4999,215,2,2
680,Truck5000,215,2,2
681,Truck5001,215,2,2
682,Truck5002,215,2,2
683,Truck5003,215,2,2
684,Truck5004,215,2,2
685,Truck5005,215,2,2
686,Truck5006,215,2,2
687,Truck5007,215,2,2
688,Truck5008,215,2,2
689,Truck5009,215,2,2
690,Truck5010,215,2,2
691,Truck5011,215,2,2
692,Truck5012,215,2,2
693,Truck5013,215,2,2
694,Truck5014,215,2,2
695,Truck5015,215,2,2
696,Truck5016,215,2,2
697,Truck5017,215,2,2
698,Truck5018,215,2,2
699,Truck5019,215,2,2
700,Truck5020,215,2,2
701,Truck5021,215,2,2
702,Truck5022,215,2,2
703,Truck5023,215,2,2
704,Truck5024,215,2,2
705,Truck5025,215,2,2
706,Truck5026,215,2,2
707,Truck5027,215,2,2
708,Truck5028,215,2,2
709,Truck5029,215,2,2
710,Truck5030,215,2,2
711,Truck5031,215,2,2
712,Truck5032,215,2,2
713,Truck5033,215,2,2
714,Truck5034,215,2,2
715,Truck5035,215,2,2
716,Truck5036,215,2,2
717,Truck5037,215,2,2
718,Truck5038,215,2,2
719,Truck5039,215,2,2
720,Truck5040,215,2,2
721,Truck5041,215,2,2
722,Truck5042,215,2,2
723,Truck5043,215,2,2
724,Truck5044,215,2,2
725,Truck5045,215,2,2
726,Truck5046,215,2,2
727,Truck5047,215,2,2
728,Truck5048,215,2,2
729,Truck5049,215,2,2
730,Truck5050,215,2,2
731,Truck5051,215,2,2
732,Truck5052,215,2,2
733,Truck5053,215,2,2
734,Truck5054,215,2,2
735,Truck5055,215,2,2
736,Truck5056,215,2,2
737,Truck5057,215,2,2
738,Truck5058,215,2,2
739,Truck5059,215,2,2
740,Truck5060,215,2,2
741,Truck5061,215,2,2
742,Truck5062,215,2,2
743,Truck5063,215,2,2
744,Truck5064,215,2,2
745,Truck5065,215,2,2
746,Truck5066,215,2,2
747,Truck5067,215,2,2
748,Truck5068,215,2,2
749,Truck5069,215,2,2
750,Truck5070,215,2,2
751,Truck5071,215,2,2
752,Truck5072,215,2,2
753,Truck5073,215,2,2
754,Truck5074,215,2,2
755,Truck5075,215,2,2
756,Truck5076,215,2,2
757,Truck5077,215,2,2
758,Truck5078,215,2,2
759,Truck5079,215,2,2
760,Truck5080,215,2,2
761,Truck5081,215,2,2
762,Truck5082,215,2,2
763,Truck5083,215,2,2
764,Truck5084,215,2,2
765,Truck5085,215,2,2
766,Truck5086,215,2,2
767,Truck5087,215,2,2
768,Truck5088,215,2,2
769,Truck5089,215,2,2
770,Truck5090,215,2,2
771,Truck5091,215,2,2
772,Truck5092,215,2,2
773,Truck5093,215,2,2
774,Truck5094,215,2,2
775,Truck5095,215,2,2
776,Truck5096,215,2,2
777,Truck5097,215,2,2
778,Truck5098,215,2,2
779,Truck5099,215,2,2
780,Truck5100,215,2,2
781,Truck5101,215,2,2
782,Truck5102,215,2,2
783,Truck5103,215,2,2
784,Truck5104,215,2,2
785,Truck5105,215,2,2
786,Truck5106,215,2,2
787,Truck5107,215,2,2
788,Truck5108,215,2,2
789,Truck5109,215,2,2
790,Truck5110,215,2,2
791,Truck5111,215,2,2
792,Truck5112,215,2,2
793,Truck5113,215,2,2
794,Truck5114,215,2,2
795,Truck5115,215,2,2
796,Truck5116,215,2,2
797,Truck5117,215,2,2
798,Truck5118,215,2,2
799,Truck5119,215,2,2
800,Truck5120,215,2,2
801,Truck5121,215,2,2
802,Truck5122,215,2,2
803,Truck5123,215,2,2
804,Truck5124,215,2,2
805,Truck5125,215,2,2
806,Truck5126,215,2,2
807,Truck5127,215,2,2
808,Truck5128,215,2,2
809,Truck5129,215,2,2
810,Truck5130,215,2,2
811,Truck5131,215,2,2
812,Truck5132,215,2,2
813,Truck5133,215,2,2
814,Truck5134,215,2,2
815,Truck5135,215,2,2
816,Truck5136,215,2,2
817,Truck5137,215,2,2
818,Truck5138,215,2,2
819,Truck5139,215,2,2
820,Truck5140,215,2,2
821,Truck5141,215,2,2
822,Truck5142,215,2,2
823,Truck5143,215,2,2
824,Truck5144,215,2,2
825,Truck5145,215,2,2
826,Truck5146,215,2,2
827,Truck5147,215,2,2
828,Truck5148,215,2,2
829,Truck5149,215,2,2
830,Truck5150,215,2,2
831,Truck5151,215,2,2
832,Truck5152,215,2,2
833,Truck5153,215,2,2
834,Truck5154,215,2,2
835,Truck5155,215,2,2
836,Truck5156,215,2,2
837,Truck5157,215,2,2
838,Truck5158,215,2,2
839,Truck5159,215,2,2
840,Truck5160,215,2,2
841,Truck5161,215,2,2
842,Truck5162,215,2,2
843,Truck5163,215,2,2
844,Truck5164,215,2,2
845,Truck5165,215,2,2
846,Truck5166,215,2,2
847,Truck5167,215,2,2
848,Truck5168,215,2,2
849,Truck5169,215,2,2
850,Truck5170,215,2,2
851,Truck5171,215,2,2
852,Truck5172,215,2,2
853,Truck5173,215,2,2
854,Truck5174,215,2,2
855,Truck5175,215,2,2
856,Truck5176,215,2,2
857,Truck5177,215,2,2
858,Truck5178,215,2,2
859,Truck5179,215,2,2
860,Truck5180,215,2,2
861,Truck5181,215,2,2
862,Truck5182,215,2,2
863,Truck5183,215,2,2
864,Truck5184,215,2,2
865,Truck5185,215,2,2
866,Truck5186,215,2,2
867,Truck5187,215,2,2
868,Truck5188,215,2,2
869,Truck5189,215,2,2
870,Truck5190,215,2,2
871,Truck5191,215,2,2
872,Truck5192,215,2,2
873,Truck5193,215,2,2
874,Truck5194,215,2,2
875,Truck5195,215,2,2
876,Truck5196,215,2,2
877,Truck5197,215,2,2
878,Truck5198,215,2,2
879,Truck5199,215,2,2
880,Truck5200,215,2,2
881,Truck5201,215,2,2
882,Truck5202,215,2,2
883,Truck5203,215,2,2
884,Truck5204,215,2,2
885,Truck5205,215,2,2
886,Truck5206,215,2,2
887,Truck5207,215,2,2
888,Truck5208,215,2,2
889,Truck5209,215,2,2
890,Truck5210,215,2,2
891,Truck5211,215,2,2
892,Truck5212,215,2,2
893,Truck5213,215,2,2
894,Truck5214,215,2,2
895,Truck5215,215,2,2
896,Truck5216,215,2,2
897,Truck5217,215,2,2
898,Truck5218,215,2,2
899,Truck5219,215,2,2
900,Truck5220,215,2,2
901,Truck5221,215,2,2
902,Truck5222,215,2,2
903,Truck5223,215,2,2
904,Truck5224,215,2,2
905,Truck5225,215,2,2
906,Truck5226,215,2,2
907,Truck5227,215,2,2
908,Truck5228,215,2,2
909,Truck5229,215,2,2
910,Truck5230,215,2,2
911,Truck5231,215,2,2
912,Truck5232,215,2,2
913,Truck5233,215,2,2
914,Truck5234,215,2,2
915,Truck5235,215,2,2
916,Truck5236,215,2,2
917,Truck5237,215,2,2
918,Truck5238,215,2,2
919,Truck5239,215,2,2
920,Truck5240,215,2,2
921,Truck5241,215,2,2
922,Truck5242,215,2,2
923,Truck5243,215,2,2
924,Truck5244,215,2,2
925,Truck5245,215,2,2
926,Truck5246,215,2,2
927,Truck5247,215,2,2
928,Truck5248,215,2,2
929,Truck5249,215,2,2
930,Truck5250,215,2,2
931,Truck5251,215,2,2
932,Truck5252,215,2,2
933,Truck5253,215,2,2
934,Truck5254,215,2,2
935,Truck5255,215,2,2
936,Truck5256,215,2,2
937,Truck5257,215,2,2
938,Truck5258,215,2,2
939,Truck5259,215,2,2
940,Truck5260,215,2,2
941,Truck5261,215,2,2
942,Truck5262,215,2,2
943,Truck5263,215,2,2
944,Truck5264,215,2,2
945,Truck5265,215,2,2
946,Truck5266,215,2,2
947,Truck5267,215,2,2
948,Truck5268,215,2,2
949,Truck5269,215,2,2
950,Truck5270,215,2,2
951,Truck5271,215,2,2
952,Truck5272,215,2,2
953,Truck5273,215,2,2
954,Truck5274,215,2,2
955,Truck5275,215,2,2
956,Truck5276,215,2,2
957,Truck5277,215,2,2
958,Truck5278,215,2,2
959,Truck5279,215,2,2
960,Truck5280,215,2,2
961,Truck5281,215,2,2
962,Truck5282,215,2,2
963,Truck5283,215,2,2
964,Truck5284,215,2,2
965,Truck5285,215,2,2
966,Truck5286,215,2,2
967,Truck5287,215,2,2
968,Truck5288,215,2,2
969,Truck5289,215,2,2
970,Truck5290,215,2,2
971,Truck5291,215,2,2
972,Truck5292,215,2,2
973,Truck5293,215,2,2
974,Truck5294,215,2,2
975,Truck5295,215,2,2
976,Truck5296,215,2,2
977,Truck5297,215,2,2
978,Truck5298,215,2,2
979,Truck5299,215,2,2
980,Truck5300,215,2,2
981,Truck5301,215,2,2
982,Truck5302,215,2,2
983,Truck5303,215,2,2
984,Truck5304,215,2,2
985,Truck5305,215,2,2
986,Truck5306,215,2,2
987,Truck5307,215,2,2
988,Truck5308,215,2,2
989,Truck5309,215,2,2
990,Truck5310,215,2,2
991,Truck5311,215,2,2
992,Truck5312,215,2,2
993,Truck5313,215,2,2
994,Truck5314,215,2,2
995,Truck5315,215,2,2
996,Truck5316,215,2,2
997,Truck5317,215,2,2
998,Truck5318,215,2,2
999,Truck5319,215,2,2
1000,Truck5320,215,2,2
1001,Truck5321,215,2,2
1002,Truck5322,215,2,2
1003,Truck5323,215,2,2
1004,Truck5324,215,2,2
1005,Truck5325,215,2,2
1006,Truck5326,215,2,2
1007,Truck5327,215,2,2
1008,Truck5328,215,2,2
1009,Truck5329,215,2,2
1010,Truck5330,215,2,2
1011,Truck5331,215,2,2
1012,Truck5332,215,2,2
1013,Truck5333,215,2,2
1014,Truck5334,215,2,2
1015,Truck5335,215,2,2
1016,Truck5336,215,2,2
1017,Truck5337,215,2,2
1018,Truck5338,215,2,2
1019,Truck5339,215,2,2
1020,Truck5340,215,2,2
1021,Truck5341,215,2,2
1022,Truck5342,215,2,2
1023,Truck5343,215,2,2
1024,Truck5344,215,2,2
1025,Truck5345,215,2,2
1026,Truck5346,215,2,2
1027,Truck5347,215,2,2
1028,Truck5348,215,2,2
1029,Truck5349,215,2,2
1030,Truck5350,215,2,2
1031,Truck5351,215,2,2
1032,Truck5352,215,2,2
1033,Truck5353,215,2,2
1034,Truck5354,215,2,2
1035,Truck5355,215,2,2
1036,Truck5356,215,2,2
1037,Truck5357,215,2,2
1038,Truck5358,215,2,2
1039,Truck5359,215,2,2
1040,Truck5360,215,2,2
1041,Truck5361,215,2,2
1042,Truck5362,215,2,2
1043,Truck5363,215,2,2
1044,Truck5364,215,2,2
1045,Truck5365,215,2,2
1046,Truck5366,215,2,2
1047,Truck5367,215,2,2
1048,Truck5368,215,2,2
1049,Truck5369,215,2,2
1050,Truck5370,215,2,2
1051,Truck5371,215,2,2
1052,Truck5372,215,2,2
1053,Truck5373,215,2,2
1054,Truck5374,215,2,2
1055,Truck5375,215,2,2
1056,Truck5376,215,2,2
1057,Truck5377,215,2,2
1058,Truck5378,215,2,2
1059,Truck5379,215,2,2
1060,Truck5380,215,2,2
1061,Truck5381,215,2,2
1062,Truck5382,215,2,2
1063,Truck5383,215,2,2
1064,Truck5384,215,2,2
1065,Truck5385,215,2,2
1066,Truck5386,215,2,2
1067,Truck5387,215,2,2
1068,Truck5388,215,2,2
1069,Truck5389,215,2,2
1070,Truck5390,215,2,2
1071,Truck5391,215,2,2
1072,Truck5392,215,2,2
1073,Truck5393,215,2,2
1074,Truck5394,215,2,2
1075,Truck5395,215,2,2
1076,Truck5396,215,2,2
1077,Truck5397,215,2,2
1078,Truck5398,215,2,2
1079,Truck5399,215,2,2
1080,Truck5400,215,2,2
1081,Truck5401,215,2,2
1082,Truck5402,215,2,2
1083,Truck5403,215,2,2
1084,Truck5404,215,2,2
1085,Truck5405,215,2,2
1086,Truck5406,215,2,2
1087,Truck5407,215,2,2
1088,Truck5408,215,2,2
1089,Truck5409,215,2,2
1090,Truck5410,215,2,2
1091,Truck5411,215,2,2
1092,Truck5412,215,2,2
1093,Truck5413,215,2,2
1094,Truck5414,215,2,2
1095,Truck5415,215,2,2
1096,Truck5416,215,2,2
1097,Truck5417,215,2,2
1098,Truck5418,215,2,2
1099,Truck5419,215,2,2
1100,Truck5420,215,2,2
1101,Truck5421,215,2,2
1102,Truck5422,215,2,2
1103,Truck5423,215,2,2
1104,Truck5424,215,2,2
1105,Truck5425,215,2,2
1106,Truck5426,215,2,2
1107,Truck5427,215,2,2
1108,Truck5428,215,2,2
1109,Truck5429,215,2,2
1110,Truck5430,215,2,2
1111,Truck5431,215,2,2
1112,Truck5432,215,2,2
1113,Truck5433,215,2,2
1114,Truck5434,215,2,2
1115,Truck5435,215,2,2
1116,Truck5436,215,2,2
1117,Truck5437,215,2,2
1118,Truck5438,215,2,2
1119,Truck5439,215,2,2
1120,Truck5440,215,2,2
1121,Truck5441,215,2,2
1122,Truck5442,215,2,2
1123,Truck5443,215,2,2
1124,Truck5444,215,2,2
1125,Truck5445,215,2,2
1126,Truck5446,215,2,2
1127,Truck5447,215,2,2
1128,Truck5448,215,2,2
1129,Truck5449,215,2,2
1130,Truck5450,215,2,2
1131,Truck5451,215,2,2
1132,Truck5452,215,2,2
1133,Truck5453,215,2,2
1134,Truck5454,215,2,2
1135,Truck5455,215,2,2
1136,Truck5456,215,2,2
1137,Truck5457,215,2,2
1138,Truck5458,215,2,2
1139,Truck5459,215,2,2
1140,Truck5460,215,2,2
1141,Truck5461,215,2,2
1142,Truck5462,215,2,2
1143,Truck5463,215,2,2
1144,Truck5464,215,2,2
1145,Truck5465,215,2,2
1146,Truck5466,215,2,2
1147,Truck5467,215,2,2
1148,Truck5468,215,2,2
1149,Truck5469,215,2,2
1150,Truck5470,215,2,2
1151,Truck5471,215,2,2
1152,Truck5472,215,2,2
1153,Truck5473,215,2,2
1154,Truck5474,215,2,2
1155,Truck5475,215,2,2
1156,Truck5476,215,2,2
1157,Truck5477,215,2,2
1158,Truck5478,215,2,2
1159,Truck5479,215,2,2
1160,Truck5480,215,2,2
1161,Truck5481,215,2,2
1162,Truck5482,215,2,2
1163,Truck5483,215,2,2
1164,Truck5484,215,2,2
1165,Truck5485,215,2,2
1166,Truck5486,215,2,2
1167,Truck5487,215,2,2
1168,Truck5488,215,2,2
1169,Truck5489,215,2,2
1170,Truck5490,215,2,2
1171,Truck5491,215,2,2
1172,Truck5492,215,2,2
1173,Truck5493,215,2,2
1174,Truck5494,215,2,2
1175,Truck5495,215,2,2
1176,Truck5496,215,2,2
1177,Truck5497,215,2,2
1178,Truck5498,215,2,2
1179,Truck5499,215,2,2
1180,Truck5500,215,2,2
1181,Truck5501,215,2,2
1182,Truck5502,215,2,2
1183,Truck5503,215,2,2
1184,Truck5504,215,2,2
1185,Truck5505,215,2,2
1186,Truck5506,215,2,2
1187,Truck5507,215,2,2
1188,Truck5508,215,2,2
1189,Truck5509,215,2,2
1190,Truck5510,215,2,2
1191,Truck5511,215,2,2
1192,Truck5512,215,2,2
1193,Truck5513,215,2,2
1194,Truck5514,215,2,2
1195,Truck5515,215,2,2
1196,Truck5516,215,2,2
1197,Truck5517,215,2,2
1198,Truck5518,215,2,2
1199,Truck5519,215,2,2
1200,Truck5520,215,2,2
1201,Truck5521,215,2,2
1202,Truck5522,215,2,2
1203,Truck5523,215,2,2
1204,Truck5524,215,2,2
1205,Truck5525,215,2,2
1206,Truck5526,215,2,2
1207,Truck5527,215,2,2
1208,Truck5528,215,2,2
1209,Truck5529,215,2,2
1210,Truck5530,215,2,2
1211,Truck5531,215,2,2
1212,Truck5532,215,2,2
1213,Truck5533,215,2,2
1214,Truck5534,215,2,2
1215,Truck5535,215,2,2
1216,Truck5536,215,2,2
1217,Truck5537,215,2,2
1218,Truck5538,215,2,2
1219,Truck5539,215,2,2
1220,Truck5540,215,2,2
1221,Truck5541,215,2,2
1222,Truck5542,215,2,2
1223,Truck5543,215,2,2
1224,Truck5544,215,2,2
1225,Truck5545,215,2,2
1226,Truck5546,215,2,2
1227,Truck5547,215,2,2
1228,Truck5548,215,2,2
1229,Truck5549,215,2,2
1230,Truck5550,215,2,2
1231,Truck5551,215,2,2
1232,Truck5552,215,2,2
1233,Truck5553,215,2,2
1234,Truck5554,215,2,2
1235,Truck5555,215,2,2
1236,Truck5556,215,2,2
1237,Truck5557,215,2,2
1238,Truck5558,215,2,2
1239,Truck5559,215,2,2
1240,Truck5560,215,2,2
1241,Truck5561,215,2,2
1242,Truck5562,215,2,2
1243,Truck5563,215,2,2
1244,Truck5564,215,2,2
1245,Truck5565,215,2,2
1246,Truck5566,215,2,2
1247,Truck5567,215,2,2
1248,Truck5568,215,2,2
1249,Truck5569,215,2,2
1250,Truck5570,215,2,2
1251,Truck5571,215,2,2
1252,Truck5572,215,2,2
1253,Truck5573,215,2,2
1254,Truck5574,215,2,2
1255,Truck5575,215,2,2
1256,Truck5576,215,2,2
1257,Truck5577,215,2,2
1258,Truck5578,215,2,2
1259,Truck5579,215,2,2
1260,Truck5580,215,2,2
1261,Truck5581,215,2,2
1262,Truck5582,215,2,2
1263,Truck5583,215,2,2
1264,Truck5584,215,2,2
1265,Truck5585,215,2,2
1266,Truck5586,215,2,2
1267,Truck5587,215,2,2
1268,Truck5588,215,2,2
1269,Truck5589,215,2,2
1270,Truck5590,215,2,2
1271,Truck5591,215,2,2
1272,Truck5592,215,2,2
1273,Truck5593,215,2,2
1274,Truck5594,215,2,2
1275,Truck5595,215,2,2
1276,Truck5596,215,2,2
1277,Truck5597,215,2,2
1278,Truck5598,215,2,2
1279,Truck5599,215,2,2
1280,Truck5600,215,2,2
1281,Truck5601,215,2,2
1282,Truck5602,215,2,2
1283,Truck5603,215,2,2
1284,Truck5604,215,2,2
1285,Truck5605,215,2,2
1286,Truck5606,215,2,2
1287,Truck5607,215,2,2
1288,Truck5608,215,2,2
1289,Truck5609,215,2,2
1290,Truck5610,215,2,2
1291,Truck5611,215,2,2
1292,Truck5612,215,2,2
1293,Truck5613,215,2,2
1294,Truck5614,215,2,2
1295,Truck5615,215,2,2
1296,Truck5616,215,2,2
1297,Truck5617,215,2,2
1298,Truck5618,215,2,2
1299,Truck5619,215,2,2
1300,Truck5620,215,2,2
1301,Truck5621,215,2,2
1302,Truck5622,215,2,2
1303,Truck5623,215,2,2
1304,Truck5624,215,2,2
1305,Truck5625,215,2,2
1306,Truck5626,215,2,2
1307,Truck5627,215,2,2
1308,Truck5628,215,2,2
1309,Truck5629,215,2,2
1310,Truck5630,215,2,2
1311,Truck5631,215,2,2
1312,Truck5632,215,2,2
1313,Truck5633,215,2,2
1314,Truck5634,215,2,2
1315,Truck5635,215,2,2
1316,Truck5636,215,2,2
1317,Truck5637,215,2,2
1318,Truck5638,215,2,2
1319,Truck5639,215,2,2
1320,Truck5640,215,2,2
1321,Truck5641,215,2,2
1322,Truck5642,215,2,2
1323,Truck5643,215,2,2
1324,Truck5644,215,2,2
1325,Truck5645,215,2,2
1326,Truck5646,215,2,2
1327,Truck5647,215,2,2
1328,Truck5648,215,2,2
1329,Truck5649,215,2,2
1330,Truck5650,215,2,2
1331,Truck5651,215,2,2
1332,Truck5652,215,2,2
1333,Truck5653,215,2,2
1334,Truck5654,215,2,2
1335,Truck5655,215,2,2
1336,Truck5656,215,2,2
1337,Truck5657,215,2,2
1338,Truck5658,215,2,2
1339,Truck5659,215,2,2
1340,Truck5660,215,2,2
1341,Truck5661,215,2,2
1342,Truck5662,215,2,2
1343,Truck5663,215,2,2
1344,Truck5664,215,2,2
1345,Truck5665,215,2,2
1346,Truck5666,215,2,2
1347,Truck5667,215,2,2
1348,Truck5668,215,2,2
1349,Truck5669,215,2,2
1350,Truck5670,215,2,2
1351,Truck5671,215,2,2
1352,Truck5672,215,2,2
1353,Truck5673,215,2,2
1354,Truck5674,215,2,2
1355,Truck5675,215,2,2
1356,Truck5676,215,2,2
1357,Truck5677,215,2,2
1358,Truck5678,215,2,2
1359,Truck5679,215,2,2
1360,Truck5680,215,2,2
1361,Truck5681,215,2,2
1362,Truck5682,215,2,2
1363,Truck5683,215,2,2
1364,Truck5684,215,2,2
1365,Truck5685,215,2,2
1366,Truck5686,215,2,2
1367,Truck5687,215,2,2
1368,Truck5688,215,2,2
1369,Truck5689,215,2,2
1370,Truck5690,215,2,2
1371,Truck5691,215,2,2
1372,Truck5692,215,2,2
1373,Truck5693,215,2,2
1374,Truck5694,215,2,2
1375,Truck5695,215,2,2
1376,Truck5696,215,2,2
1377,Truck5697,215,2,2
1378,Truck5698,215,2,2
1379,Truck5699,215,2,2
1380,Truck5700,215,2,2
1381,Truck5701,215,2,2
1382,Truck5702,215,2,2
1383,Truck5703,215,2,2
1384,Truck5704,215,2,2
1385,Truck5705,215,2,2
1386,Truck5706,215,2,2
1387,Truck5707,215,2,2
1388,Truck5708,215,2,2
1389,Truck5709,215,2,2
1390,Truck5710,215,2,2
1391,Truck5711,215,2,2
1392,Truck5712,215,2,2
1393,Truck5713,215,2,2
1394,Truck5714,215,2,2
1395,Truck5715,215,2,2
1396,Truck5716,215,2,2
